dataset,seed,ratio,ratio_percent,requested_target_budget,effective_target_prototypes,shadow_nodes_total,condensed_nodes_total,condensed_node_ratio_to_train_target,accuracy,macro_f1,predicted_classes,shadow_recon_err_mean,source_log
dblp,0,0.005,0.5,16,16,16,32,0.02629416598192276,0.8288732171058655,0.8209363222122192,4,0.013235060795377958,experiments\logs\small_ratio_sweep_20260608\dblp_r0p005_seed0.json
dblp,0,0.01,1.0,16,16,16,32,0.02629416598192276,0.8288732171058655,0.8209363222122192,4,0.013235060795377958,experiments\logs\small_ratio_sweep_20260608\dblp_r0p01_seed0.json
dblp,0,0.015,1.5,18,18,18,36,0.029580936729663106,0.8288732171058655,0.821001723408699,4,0.006227143428438476,experiments\logs\small_ratio_sweep_20260608\dblp_r0p015_seed0.json
dblp,0,0.02,2.0,24,24,24,48,0.03944124897288414,0.830633819103241,0.8230274766683578,4,0.01632963263604307,experiments\logs\small_ratio_sweep_20260608\dblp_r0p02_seed0.json
dblp,0,0.025,2.5,30,30,30,60,0.049301561216105176,0.8257042169570923,0.8180854618549347,4,0.01527958306137931,experiments\logs\small_ratio_sweep_20260608\dblp_r0p025_seed0.json
dblp,0,0.03,3.0,37,37,37,74,0.06080525883319639,0.830633819103241,0.8228034377098083,4,0.02415285546214715,experiments\logs\small_ratio_sweep_20260608\dblp_r0p03_seed0.json
dblp,0,0.035,3.5000000000000004,43,43,43,86,0.07066557107641742,0.8299295902252197,0.822780966758728,4,0.007023132312173532,experiments\logs\small_ratio_sweep_20260608\dblp_r0p035_seed0.json
dblp,0,0.04,4.0,49,49,49,98,0.08052588331963846,0.827464759349823,0.8205036073923111,4,0.05838787950190169,experiments\logs\small_ratio_sweep_20260608\dblp_r0p04_seed0.json
dblp,0,0.045,4.5,55,55,55,110,0.09038619556285948,0.827816903591156,0.8209173530340195,4,0.11485688980691544,experiments\logs\small_ratio_sweep_20260608\dblp_r0p045_seed0.json
dblp,0,0.05,5.0,61,61,61,122,0.10024650780608052,0.827816903591156,0.8200245946645737,4,0.12962945863343095,experiments\logs\small_ratio_sweep_20260608\dblp_r0p05_seed0.json
dblp,0,0.055,5.5,67,67,67,134,0.11010682004930156,0.827816903591156,0.8208354860544205,4,0.1233066654435687,experiments\logs\small_ratio_sweep_20260608\dblp_r0p055_seed0.json
dblp,0,0.06,6.0,73,73,73,146,0.1199671322925226,0.8292253613471985,0.821174144744873,4,0.014149014952663956,experiments\logs\small_ratio_sweep_20260608\dblp_r0p06_seed0.json
dblp,0,0.065,6.5,79,79,79,158,0.12982744453574363,0.8330985903739929,0.8253575265407562,4,0.08898416036304162,experiments\logs\small_ratio_sweep_20260608\dblp_r0p065_seed0.json
dblp,0,0.07,7.000000000000001,85,85,85,170,0.13968775677896467,0.830281674861908,0.8223523050546646,4,0.004015679796565375,experiments\logs\small_ratio_sweep_20260608\dblp_r0p07_seed0.json
dblp,0,0.075,7.5,91,91,91,182,0.1495480690221857,0.825352132320404,0.8175602853298187,4,0.0033121497874377672,experiments\logs\small_ratio_sweep_20260608\dblp_r0p075_seed0.json
dblp,0,0.08,8.0,97,97,97,194,0.15940838126540674,0.8285211324691772,0.8204742819070816,4,0.05976479450190094,experiments\logs\small_ratio_sweep_20260608\dblp_r0p08_seed0.json
dblp,0,0.085,8.5,103,103,103,206,0.16926869350862778,0.8281689882278442,0.8201834559440613,4,0.003445621555307944,experiments\logs\small_ratio_sweep_20260608\dblp_r0p085_seed0.json
dblp,0,0.09,9.0,110,110,110,220,0.18077239112571897,0.8242957592010498,0.8161701411008835,4,0.0002398928918035492,experiments\logs\small_ratio_sweep_20260608\dblp_r0p09_seed0.json
dblp,0,0.095,9.5,116,116,116,232,0.19063270336894,0.8281689882278442,0.820065975189209,4,0.00025874144899704424,experiments\logs\small_ratio_sweep_20260608\dblp_r0p095_seed0.json
dblp,0,0.1,10.0,122,122,122,244,0.20049301561216104,0.8309859037399292,0.8241005688905716,4,0.021275741413108715,experiments\logs\small_ratio_sweep_20260608\dblp_r0p1_seed0.json
dblp,0,0.105,10.5,128,128,128,256,0.21035332785538208,0.824999988079071,0.8169423788785934,4,0.006337848762015601,experiments\logs\small_ratio_sweep_20260608\dblp_r0p105_seed0.json
dblp,0,0.11,11.0,134,134,134,268,0.22021364009860311,0.824999988079071,0.8171699494123459,4,0.08301448629642656,experiments\logs\small_ratio_sweep_20260608\dblp_r0p11_seed0.json
dblp,0,0.115,11.5,140,140,140,280,0.23007395234182415,0.8281689882278442,0.8206945210695267,4,0.015920547475719537,experiments\logs\small_ratio_sweep_20260608\dblp_r0p115_seed0.json
dblp,0,0.12,12.0,146,146,146,292,0.2399342645850452,0.8281689882278442,0.821026086807251,4,0.03665122230649934,experiments\logs\small_ratio_sweep_20260608\dblp_r0p12_seed0.json
imdb,0,0.005,0.5,20,20,24,44,0.032093362509117436,0.33760151267051697,0.29316739439964296,5,0.9053049072374081,experiments\logs\small_ratio_sweep_20260608\imdb_r0p005_seed0.json
imdb,0,0.01,1.0,20,20,24,44,0.032093362509117436,0.33760151267051697,0.29316739439964296,5,0.9053049072374081,experiments\logs\small_ratio_sweep_20260608\imdb_r0p01_seed0.json
imdb,0,0.015,1.5,21,21,24,45,0.03282275711159737,0.3260462284088135,0.2983205676078796,5,0.9306357408912694,experiments\logs\small_ratio_sweep_20260608\imdb_r0p015_seed0.json
imdb,0,0.02,2.0,27,27,27,54,0.03938730853391685,0.30168643593788147,0.27469279170036315,5,0.9424375194183936,experiments\logs\small_ratio_sweep_20260608\imdb_r0p02_seed0.json
imdb,0,0.025,2.5,34,34,36,70,0.05105762217359591,0.32635852694511414,0.30740496814250945,5,0.9746460322169787,experiments\logs\small_ratio_sweep_20260608\imdb_r0p025_seed0.json
imdb,0,0.03,3.0,41,41,42,83,0.060539752005835154,0.32261085510253906,0.2792388677597046,5,0.9854267844341736,experiments\logs\small_ratio_sweep_20260608\imdb_r0p03_seed0.json
imdb,0,0.035,3.5000000000000004,48,48,48,96,0.0700218818380744,0.31480324268341064,0.2858556658029556,5,0.9860090000824063,experiments\logs\small_ratio_sweep_20260608\imdb_r0p035_seed0.json
imdb,0,0.04,4.0,55,55,57,112,0.08169219547775347,0.3322923183441162,0.2931531727313995,5,0.970356785221678,experiments\logs\small_ratio_sweep_20260608\imdb_r0p04_seed0.json
imdb,0,0.045,4.5,62,62,63,125,0.09117432530999271,0.32760775089263916,0.29039225578308103,5,0.9844247258839353,experiments\logs\small_ratio_sweep_20260608\imdb_r0p045_seed0.json
imdb,0,0.05,5.0,69,69,69,138,0.10065645514223195,0.3338538408279419,0.29633621871471405,5,0.9843104931720705,experiments\logs\small_ratio_sweep_20260608\imdb_r0p05_seed0.json
imdb,0,0.055,5.5,75,75,75,150,0.10940919037199125,0.29668956995010376,0.2649219065904617,5,0.9783228073448962,experiments\logs\small_ratio_sweep_20260608\imdb_r0p055_seed0.json
imdb,0,0.06,6.0,82,82,84,166,0.12107950401167031,0.2841973900794983,0.27075573801994324,5,0.9706972660608657,experiments\logs\small_ratio_sweep_20260608\imdb_r0p06_seed0.json
imdb,0,0.065,6.5,89,89,90,179,0.13056163384390956,0.2885696291923523,0.2688845068216324,5,0.9842086526107646,experiments\logs\small_ratio_sweep_20260608\imdb_r0p065_seed0.json
imdb,0,0.07,7.000000000000001,96,96,96,192,0.1400437636761488,0.30106183886528015,0.28628121316432953,5,0.9831452373692943,experiments\logs\small_ratio_sweep_20260608\imdb_r0p07_seed0.json
imdb,0,0.075,7.5,103,103,105,208,0.15171407731582787,0.31324172019958496,0.27369406819343567,5,0.9672228452994229,experiments\logs\small_ratio_sweep_20260608\imdb_r0p075_seed0.json
imdb,0,0.08,8.0,110,110,111,221,0.1611962071480671,0.28450968861579895,0.27020619809627533,5,0.9832709826899589,experiments\logs\small_ratio_sweep_20260608\imdb_r0p08_seed0.json
imdb,0,0.085,8.5,117,117,117,234,0.17067833698030635,0.29606497287750244,0.2756567090749741,5,0.9826850536069189,experiments\logs\small_ratio_sweep_20260608\imdb_r0p085_seed0.json
imdb,0,0.09,9.0,123,123,123,246,0.17943107221006566,0.3151155412197113,0.29142785668373106,5,0.9772939964452311,experiments\logs\small_ratio_sweep_20260608\imdb_r0p09_seed0.json
imdb,0,0.095,9.5,130,129,129,258,0.18818380743982493,0.31823858618736267,0.2973525643348694,5,0.9862863582739384,experiments\logs\small_ratio_sweep_20260608\imdb_r0p095_seed0.json
imdb,0,0.1,10.0,137,137,138,275,0.20058351568198396,0.2692067325115204,0.2593080967664719,5,0.9736495182925692,experiments\logs\small_ratio_sweep_20260608\imdb_r0p1_seed0.json
imdb,0,0.105,10.5,144,144,144,288,0.2100656455142232,0.2991880178451538,0.2749303847551346,5,0.987064333877291,experiments\logs\small_ratio_sweep_20260608\imdb_r0p105_seed0.json
imdb,0,0.11,11.0,151,151,153,304,0.22173595915390226,0.291380375623703,0.265464723110199,5,0.9778653200606215,experiments\logs\small_ratio_sweep_20260608\imdb_r0p11_seed0.json
imdb,0,0.115,11.5,158,158,159,317,0.2312180889861415,0.2501561641693115,0.23779683709144592,5,0.9671173171365358,experiments\logs\small_ratio_sweep_20260608\imdb_r0p115_seed0.json
imdb,0,0.12,12.0,165,165,165,330,0.24070021881838075,0.27670204639434814,0.26891909539699554,5,0.9802622465641972,experiments\logs\small_ratio_sweep_20260608\imdb_r0p12_seed0.json
