dataset,variant,loss_type,seed,ratio,accuracy,macro_f1,predicted_class_count,prediction_entropy,shadow_recon_err_by_relation,effective_rank_by_relation,M_r_by_relation,b_by_relation,relation_gate_values,condensed_nodes_total,condensed_edges_total,status,source_log
imdb,base,clipped,42,0.005,0.292629599571228,0.2848621129989624,5,1.5600177933587338,"{""actor--acts_in-->movie"": 0.8805134079033068, ""director--directs-->movie"": 0.9377567137459236, ""keyword--keyword_in-->movie"": 0.670871903266117}","{""actor--acts_in-->movie"": 5.331043243408203, ""director--directs-->movie"": 10.288610458374023, ""keyword--keyword_in-->movie"": 11.498991012573242}","{""actor--acts_in-->movie"": 8, ""director--directs-->movie"": 8, ""keyword--keyword_in-->movie"": 8}","{""actor--acts_in-->movie"": 1, ""director--directs-->movie"": 1, ""keyword--keyword_in-->movie"": 1}","{""actor--acts_in-->movie"": 1.0, ""director--directs-->movie"": 1.0, ""keyword--keyword_in-->movie"": 1.0}",44,60,completed,experiments\logs\imdb_rescue_rplus_seed42\imdb_base_clipped_r0p005_seed42.json
imdb,base,sqrt_weighted,42,0.005,0.3260462284088135,0.2880255416035652,5,1.462609249054247,"{""actor--acts_in-->movie"": 0.8805134079033068, ""director--directs-->movie"": 0.9377567137459236, ""keyword--keyword_in-->movie"": 0.670871903266117}","{""actor--acts_in-->movie"": 5.331043243408203, ""director--directs-->movie"": 10.288610458374023, ""keyword--keyword_in-->movie"": 11.498991012573242}","{""actor--acts_in-->movie"": 8, ""director--directs-->movie"": 8, ""keyword--keyword_in-->movie"": 8}","{""actor--acts_in-->movie"": 1, ""director--directs-->movie"": 1, ""keyword--keyword_in-->movie"": 1}","{""actor--acts_in-->movie"": 1.0, ""director--directs-->movie"": 1.0, ""keyword--keyword_in-->movie"": 1.0}",44,60,completed,experiments\logs\imdb_rescue_rplus_seed42\imdb_base_sqrt_weighted_r0p005_seed42.json
imdb,base,class_balanced,42,0.005,0.2826358377933502,0.2606414258480072,5,1.4760502528714319,"{""actor--acts_in-->movie"": 0.8805134079033068, ""director--directs-->movie"": 0.9377567137459236, ""keyword--keyword_in-->movie"": 0.670871903266117}","{""actor--acts_in-->movie"": 5.331043243408203, ""director--directs-->movie"": 10.288610458374023, ""keyword--keyword_in-->movie"": 11.498991012573242}","{""actor--acts_in-->movie"": 8, ""director--directs-->movie"": 8, ""keyword--keyword_in-->movie"": 8}","{""actor--acts_in-->movie"": 1, ""director--directs-->movie"": 1, ""keyword--keyword_in-->movie"": 1}","{""actor--acts_in-->movie"": 1.0, ""director--directs-->movie"": 1.0, ""keyword--keyword_in-->movie"": 1.0}",44,60,completed,experiments\logs\imdb_rescue_rplus_seed42\imdb_base_class_balanced_r0p005_seed42.json
imdb,base,clipped,42,0.025,0.35071828961372375,0.2955725848674774,5,1.4574074029305126,"{""actor--acts_in-->movie"": 0.9915553138235607, ""director--directs-->movie"": 0.9894704692960229, ""keyword--keyword_in-->movie"": 0.9216682006580831}","{""actor--acts_in-->movie"": 23.645305633544922, ""director--directs-->movie"": 24.611297607421875, ""keyword--keyword_in-->movie"": 20.76017951965332}","{""actor--acts_in-->movie"": 12, ""director--directs-->movie"": 12, ""keyword--keyword_in-->movie"": 12}","{""actor--acts_in-->movie"": 1, ""director--directs-->movie"": 1, ""keyword--keyword_in-->movie"": 1}","{""actor--acts_in-->movie"": 1.0, ""director--directs-->movie"": 1.0, ""keyword--keyword_in-->movie"": 1.0}",70,102,completed,experiments\logs\imdb_rescue_rplus_seed42\imdb_base_clipped_r0p025_seed42.json
imdb,base,sqrt_weighted,42,0.025,0.3351030647754669,0.28950275778770446,5,1.4997053043007629,"{""actor--acts_in-->movie"": 0.9915553138235607, ""director--directs-->movie"": 0.9894704692960229, ""keyword--keyword_in-->movie"": 0.9216682006580831}","{""actor--acts_in-->movie"": 23.645305633544922, ""director--directs-->movie"": 24.611297607421875, ""keyword--keyword_in-->movie"": 20.76017951965332}","{""actor--acts_in-->movie"": 12, ""director--directs-->movie"": 12, ""keyword--keyword_in-->movie"": 12}","{""actor--acts_in-->movie"": 1, ""director--directs-->movie"": 1, ""keyword--keyword_in-->movie"": 1}","{""actor--acts_in-->movie"": 1.0, ""director--directs-->movie"": 1.0, ""keyword--keyword_in-->movie"": 1.0}",70,102,completed,experiments\logs\imdb_rescue_rplus_seed42\imdb_base_sqrt_weighted_r0p025_seed42.json
imdb,base,class_balanced,42,0.025,0.3307307958602905,0.2906386613845825,5,1.5383029719692283,"{""actor--acts_in-->movie"": 0.9915553138235607, ""director--directs-->movie"": 0.9894704692960229, ""keyword--keyword_in-->movie"": 0.9216682006580831}","{""actor--acts_in-->movie"": 23.645305633544922, ""director--directs-->movie"": 24.611297607421875, ""keyword--keyword_in-->movie"": 20.76017951965332}","{""actor--acts_in-->movie"": 12, ""director--directs-->movie"": 12, ""keyword--keyword_in-->movie"": 12}","{""actor--acts_in-->movie"": 1, ""director--directs-->movie"": 1, ""keyword--keyword_in-->movie"": 1}","{""actor--acts_in-->movie"": 1.0, ""director--directs-->movie"": 1.0, ""keyword--keyword_in-->movie"": 1.0}",70,102,completed,experiments\logs\imdb_rescue_rplus_seed42\imdb_base_class_balanced_r0p025_seed42.json
imdb,base,clipped,42,0.05,0.29450342059135437,0.27708313167095183,5,1.5863014807282325,"{""actor--acts_in-->movie"": 0.9691847572395508, ""director--directs-->movie"": 0.960499932720968, ""keyword--keyword_in-->movie"": 0.9791922562755145}","{""actor--acts_in-->movie"": 41.82011413574219, ""director--directs-->movie"": 45.10154724121094, ""keyword--keyword_in-->movie"": 32.09894561767578}","{""actor--acts_in-->movie"": 23, ""director--directs-->movie"": 23, ""keyword--keyword_in-->movie"": 23}","{""actor--acts_in-->movie"": 1, ""director--directs-->movie"": 1, ""keyword--keyword_in-->movie"": 1}","{""actor--acts_in-->movie"": 1.0, ""director--directs-->movie"": 1.0, ""keyword--keyword_in-->movie"": 1.0}",138,207,completed,experiments\logs\imdb_rescue_rplus_seed42\imdb_base_clipped_r0p05_seed42.json
imdb,base,sqrt_weighted,42,0.05,0.3079325556755066,0.28175972402095795,5,1.5575614108111577,"{""actor--acts_in-->movie"": 0.9691847572395508, ""director--directs-->movie"": 0.960499932720968, ""keyword--keyword_in-->movie"": 0.9791922562755145}","{""actor--acts_in-->movie"": 41.82011413574219, ""director--directs-->movie"": 45.10154724121094, ""keyword--keyword_in-->movie"": 32.09894561767578}","{""actor--acts_in-->movie"": 23, ""director--directs-->movie"": 23, ""keyword--keyword_in-->movie"": 23}","{""actor--acts_in-->movie"": 1, ""director--directs-->movie"": 1, ""keyword--keyword_in-->movie"": 1}","{""actor--acts_in-->movie"": 1.0, ""director--directs-->movie"": 1.0, ""keyword--keyword_in-->movie"": 1.0}",138,207,completed,experiments\logs\imdb_rescue_rplus_seed42\imdb_base_sqrt_weighted_r0p05_seed42.json
imdb,base,class_balanced,42,0.05,0.29606497287750244,0.2787683099508286,5,1.5957065326574131,"{""actor--acts_in-->movie"": 0.9691847572395508, ""director--directs-->movie"": 0.960499932720968, ""keyword--keyword_in-->movie"": 0.9791922562755145}","{""actor--acts_in-->movie"": 41.82011413574219, ""director--directs-->movie"": 45.10154724121094, ""keyword--keyword_in-->movie"": 32.09894561767578}","{""actor--acts_in-->movie"": 23, ""director--directs-->movie"": 23, ""keyword--keyword_in-->movie"": 23}","{""actor--acts_in-->movie"": 1, ""director--directs-->movie"": 1, ""keyword--keyword_in-->movie"": 1}","{""actor--acts_in-->movie"": 1.0, ""director--directs-->movie"": 1.0, ""keyword--keyword_in-->movie"": 1.0}",138,207,completed,experiments\logs\imdb_rescue_rplus_seed42\imdb_base_class_balanced_r0p05_seed42.json
imdb,full_rplus,clipped,42,0.005,0.38101187348365784,0.34026184380054475,5,1.4872289885758743,"{""actor--acts_in-->movie"": 0.005538671010246352, ""director--directs-->movie"": 0.00022485038763166986, ""keyword--keyword_in-->movie"": 0.02580917333799905}","{""actor--acts_in-->movie"": 13.11690902709961, ""director--directs-->movie"": 12.374446868896484, ""keyword--keyword_in-->movie"": 8.995492935180664}","{""actor--acts_in-->movie"": 40, ""director--directs-->movie"": 38, ""keyword--keyword_in-->movie"": 28}","{""actor--acts_in-->movie"": 1, ""director--directs-->movie"": 1, ""keyword--keyword_in-->movie"": 1}","{""actor--acts_in-->movie"": 1.4038727283477783, ""director--directs-->movie"": 1.4090012311935425, ""keyword--keyword_in-->movie"": 0.7894238233566284}",126,60,completed,experiments\logs\imdb_rescue_rplus_seed42\imdb_full_rplus_clipped_r0p005_seed42.json
imdb,full_rplus,sqrt_weighted,42,0.005,0.3660212457180023,0.3335452139377594,5,1.4900654463124452,"{""actor--acts_in-->movie"": 0.005538671010246352, ""director--directs-->movie"": 0.00022485038763166986, ""keyword--keyword_in-->movie"": 0.02580917333799905}","{""actor--acts_in-->movie"": 13.11690902709961, ""director--directs-->movie"": 12.374446868896484, ""keyword--keyword_in-->movie"": 8.995492935180664}","{""actor--acts_in-->movie"": 40, ""director--directs-->movie"": 38, ""keyword--keyword_in-->movie"": 28}","{""actor--acts_in-->movie"": 1, ""director--directs-->movie"": 1, ""keyword--keyword_in-->movie"": 1}","{""actor--acts_in-->movie"": 1.3465584516525269, ""director--directs-->movie"": 1.3470786809921265, ""keyword--keyword_in-->movie"": 0.788650631904602}",126,60,completed,experiments\logs\imdb_rescue_rplus_seed42\imdb_full_rplus_sqrt_weighted_r0p005_seed42.json
imdb,full_rplus,class_balanced,42,0.005,0.37164270877838135,0.33698164522647855,5,1.5092931729473733,"{""actor--acts_in-->movie"": 0.005538671010246352, ""director--directs-->movie"": 0.00022485038763166986, ""keyword--keyword_in-->movie"": 0.02580917333799905}","{""actor--acts_in-->movie"": 13.11690902709961, ""director--directs-->movie"": 12.374446868896484, ""keyword--keyword_in-->movie"": 8.995492935180664}","{""actor--acts_in-->movie"": 40, ""director--directs-->movie"": 38, ""keyword--keyword_in-->movie"": 28}","{""actor--acts_in-->movie"": 1, ""director--directs-->movie"": 1, ""keyword--keyword_in-->movie"": 1}","{""actor--acts_in-->movie"": 1.3705196380615234, ""director--directs-->movie"": 1.3743420839309692, ""keyword--keyword_in-->movie"": 0.7741811275482178}",126,60,completed,experiments\logs\imdb_rescue_rplus_seed42\imdb_full_rplus_class_balanced_r0p005_seed42.json
imdb,full_rplus,clipped,42,0.025,0.36664584279060364,0.3362750709056854,5,1.525780210074696,"{""actor--acts_in-->movie"": 0.02083071820653935, ""director--directs-->movie"": 0.008568545099051337, ""keyword--keyword_in-->movie"": 0.0018821299124482502}","{""actor--acts_in-->movie"": 25.93387222290039, ""director--directs-->movie"": 26.987058639526367, ""keyword--keyword_in-->movie"": 22.62639808654785}","{""actor--acts_in-->movie"": 68, ""director--directs-->movie"": 68, ""keyword--keyword_in-->movie"": 68}","{""actor--acts_in-->movie"": 1, ""director--directs-->movie"": 1, ""keyword--keyword_in-->movie"": 1}","{""actor--acts_in-->movie"": 1.2796980142593384, ""director--directs-->movie"": 1.2828339338302612, ""keyword--keyword_in-->movie"": 0.8077306151390076}",238,102,completed,experiments\logs\imdb_rescue_rplus_seed42\imdb_full_rplus_clipped_r0p025_seed42.json
imdb,full_rplus,sqrt_weighted,42,0.025,0.3575890064239502,0.33696621358394624,5,1.562857263486209,"{""actor--acts_in-->movie"": 0.02083071820653935, ""director--directs-->movie"": 0.008568545099051337, ""keyword--keyword_in-->movie"": 0.0018821299124482502}","{""actor--acts_in-->movie"": 25.93387222290039, ""director--directs-->movie"": 26.987058639526367, ""keyword--keyword_in-->movie"": 22.62639808654785}","{""actor--acts_in-->movie"": 68, ""director--directs-->movie"": 68, ""keyword--keyword_in-->movie"": 68}","{""actor--acts_in-->movie"": 1, ""director--directs-->movie"": 1, ""keyword--keyword_in-->movie"": 1}","{""actor--acts_in-->movie"": 1.310279130935669, ""director--directs-->movie"": 1.3059545755386353, ""keyword--keyword_in-->movie"": 0.7920132875442505}",238,102,completed,experiments\logs\imdb_rescue_rplus_seed42\imdb_full_rplus_sqrt_weighted_r0p025_seed42.json
imdb,full_rplus,class_balanced,42,0.025,0.3647720217704773,0.3206813007593155,5,1.458363509916907,"{""actor--acts_in-->movie"": 0.02083071820653935, ""director--directs-->movie"": 0.008568545099051337, ""keyword--keyword_in-->movie"": 0.0018821299124482502}","{""actor--acts_in-->movie"": 25.93387222290039, ""director--directs-->movie"": 26.987058639526367, ""keyword--keyword_in-->movie"": 22.62639808654785}","{""actor--acts_in-->movie"": 68, ""director--directs-->movie"": 68, ""keyword--keyword_in-->movie"": 68}","{""actor--acts_in-->movie"": 1, ""director--directs-->movie"": 1, ""keyword--keyword_in-->movie"": 1}","{""actor--acts_in-->movie"": 1.2804796695709229, ""director--directs-->movie"": 1.3120495080947876, ""keyword--keyword_in-->movie"": 0.8037439584732056}",238,102,completed,experiments\logs\imdb_rescue_rplus_seed42\imdb_full_rplus_class_balanced_r0p025_seed42.json
imdb,full_rplus,clipped,42,0.05,0.34853217005729675,0.3348509669303894,5,1.5699390098492594,"{""actor--acts_in-->movie"": 0.013105370720534613, ""director--directs-->movie"": 0.011346458357583506, ""keyword--keyword_in-->movie"": 0.019965261592769804}","{""actor--acts_in-->movie"": 50.21866989135742, ""director--directs-->movie"": 37.552520751953125, ""keyword--keyword_in-->movie"": 44.55453872680664}","{""actor--acts_in-->movie"": 138, ""director--directs-->movie"": 138, ""keyword--keyword_in-->movie"": 138}","{""actor--acts_in-->movie"": 1, ""director--directs-->movie"": 1, ""keyword--keyword_in-->movie"": 1}","{""actor--acts_in-->movie"": 1.33412504196167, ""director--directs-->movie"": 1.3289875984191895, ""keyword--keyword_in-->movie"": 0.7906262874603271}",483,207,completed,experiments\logs\imdb_rescue_rplus_seed42\imdb_full_rplus_clipped_r0p05_seed42.json
imdb,full_rplus,sqrt_weighted,42,0.05,0.3504059910774231,0.3303209215402603,5,1.5494106305466697,"{""actor--acts_in-->movie"": 0.013105370720534613, ""director--directs-->movie"": 0.011346458357583506, ""keyword--keyword_in-->movie"": 0.019965261592769804}","{""actor--acts_in-->movie"": 50.21866989135742, ""director--directs-->movie"": 37.552520751953125, ""keyword--keyword_in-->movie"": 44.55453872680664}","{""actor--acts_in-->movie"": 138, ""director--directs-->movie"": 138, ""keyword--keyword_in-->movie"": 138}","{""actor--acts_in-->movie"": 1, ""director--directs-->movie"": 1, ""keyword--keyword_in-->movie"": 1}","{""actor--acts_in-->movie"": 1.3168033361434937, ""director--directs-->movie"": 1.3546556234359741, ""keyword--keyword_in-->movie"": 0.7955339550971985}",483,207,completed,experiments\logs\imdb_rescue_rplus_seed42\imdb_full_rplus_sqrt_weighted_r0p05_seed42.json
imdb,full_rplus,class_balanced,42,0.05,0.3713304102420807,0.34243838787078856,5,1.5352124663839024,"{""actor--acts_in-->movie"": 0.013105370720534613, ""director--directs-->movie"": 0.011346458357583506, ""keyword--keyword_in-->movie"": 0.019965261592769804}","{""actor--acts_in-->movie"": 50.21866989135742, ""director--directs-->movie"": 37.552520751953125, ""keyword--keyword_in-->movie"": 44.55453872680664}","{""actor--acts_in-->movie"": 138, ""director--directs-->movie"": 138, ""keyword--keyword_in-->movie"": 138}","{""actor--acts_in-->movie"": 1, ""director--directs-->movie"": 1, ""keyword--keyword_in-->movie"": 1}","{""actor--acts_in-->movie"": 1.312472939491272, ""director--directs-->movie"": 1.3163669109344482, ""keyword--keyword_in-->movie"": 0.7926567196846008}",483,207,completed,experiments\logs\imdb_rescue_rplus_seed42\imdb_full_rplus_class_balanced_r0p05_seed42.json
imdb,metapath,clipped,42,0.025,0.35852593183517456,0.30978835225105283,5,1.5314289968057788,"{""actor--acts_in-->movie"": 0.9890690040588741, ""director--directs-->movie"": 1.0050674962931696, ""keyword--keyword_in-->movie"": 0.9710839394334917}","{""actor--acts_in-->movie"": 25.93387222290039, ""director--directs-->movie"": 26.987058639526367, ""keyword--keyword_in-->movie"": 22.62639808654785}","{""actor--acts_in-->movie"": 12, ""director--directs-->movie"": 12, ""keyword--keyword_in-->movie"": 12}","{""actor--acts_in-->movie"": 1, ""director--directs-->movie"": 1, ""keyword--keyword_in-->movie"": 1}","{""actor--acts_in-->movie"": 1.0, ""director--directs-->movie"": 1.0, ""keyword--keyword_in-->movie"": 1.0}",70,102,completed,experiments\logs\imdb_rescue_rplus_seed42\imdb_metapath_clipped_r0p025_seed42.json
imdb,metapath,sqrt_weighted,42,0.025,0.35134291648864746,0.3023628830909729,5,1.5309583450354827,"{""actor--acts_in-->movie"": 0.9890690040588741, ""director--directs-->movie"": 1.0050674962931696, ""keyword--keyword_in-->movie"": 0.9710839394334917}","{""actor--acts_in-->movie"": 25.93387222290039, ""director--directs-->movie"": 26.987058639526367, ""keyword--keyword_in-->movie"": 22.62639808654785}","{""actor--acts_in-->movie"": 12, ""director--directs-->movie"": 12, ""keyword--keyword_in-->movie"": 12}","{""actor--acts_in-->movie"": 1, ""director--directs-->movie"": 1, ""keyword--keyword_in-->movie"": 1}","{""actor--acts_in-->movie"": 1.0, ""director--directs-->movie"": 1.0, ""keyword--keyword_in-->movie"": 1.0}",70,102,completed,experiments\logs\imdb_rescue_rplus_seed42\imdb_metapath_sqrt_weighted_r0p025_seed42.json
imdb,metapath,class_balanced,42,0.025,0.3554028868675232,0.3066864937543869,5,1.5260133597993848,"{""actor--acts_in-->movie"": 0.9890690040588741, ""director--directs-->movie"": 1.0050674962931696, ""keyword--keyword_in-->movie"": 0.9710839394334917}","{""actor--acts_in-->movie"": 25.93387222290039, ""director--directs-->movie"": 26.987058639526367, ""keyword--keyword_in-->movie"": 22.62639808654785}","{""actor--acts_in-->movie"": 12, ""director--directs-->movie"": 12, ""keyword--keyword_in-->movie"": 12}","{""actor--acts_in-->movie"": 1, ""director--directs-->movie"": 1, ""keyword--keyword_in-->movie"": 1}","{""actor--acts_in-->movie"": 1.0, ""director--directs-->movie"": 1.0, ""keyword--keyword_in-->movie"": 1.0}",70,102,completed,experiments\logs\imdb_rescue_rplus_seed42\imdb_metapath_class_balanced_r0p025_seed42.json
imdb,rank_adaptive,clipped,42,0.025,0.37507808208465576,0.356929224729538,5,1.559385274911206,"{""actor--acts_in-->movie"": 0.009953978704463726, ""director--directs-->movie"": 0.0006892273771646883, ""keyword--keyword_in-->movie"": 0.013564266878651138}","{""actor--acts_in-->movie"": 23.645305633544922, ""director--directs-->movie"": 24.611297607421875, ""keyword--keyword_in-->movie"": 20.76017951965332}","{""actor--acts_in-->movie"": 68, ""director--directs-->movie"": 68, ""keyword--keyword_in-->movie"": 68}","{""actor--acts_in-->movie"": 1, ""director--directs-->movie"": 1, ""keyword--keyword_in-->movie"": 1}","{""actor--acts_in-->movie"": 1.0, ""director--directs-->movie"": 1.0, ""keyword--keyword_in-->movie"": 1.0}",238,102,completed,experiments\logs\imdb_rescue_rplus_seed42\imdb_rank_adaptive_clipped_r0p025_seed42.json
imdb,rank_adaptive,sqrt_weighted,42,0.025,0.32417237758636475,0.32046372890472413,5,1.5578833536019727,"{""actor--acts_in-->movie"": 0.009953978704463726, ""director--directs-->movie"": 0.0006892273771646883, ""keyword--keyword_in-->movie"": 0.013564266878651138}","{""actor--acts_in-->movie"": 23.645305633544922, ""director--directs-->movie"": 24.611297607421875, ""keyword--keyword_in-->movie"": 20.76017951965332}","{""actor--acts_in-->movie"": 68, ""director--directs-->movie"": 68, ""keyword--keyword_in-->movie"": 68}","{""actor--acts_in-->movie"": 1, ""director--directs-->movie"": 1, ""keyword--keyword_in-->movie"": 1}","{""actor--acts_in-->movie"": 1.0, ""director--directs-->movie"": 1.0, ""keyword--keyword_in-->movie"": 1.0}",238,102,completed,experiments\logs\imdb_rescue_rplus_seed42\imdb_rank_adaptive_sqrt_weighted_r0p025_seed42.json
imdb,rank_adaptive,class_balanced,42,0.025,0.3516552150249481,0.3370460093021393,5,1.5858873386890955,"{""actor--acts_in-->movie"": 0.009953978704463726, ""director--directs-->movie"": 0.0006892273771646883, ""keyword--keyword_in-->movie"": 0.013564266878651138}","{""actor--acts_in-->movie"": 23.645305633544922, ""director--directs-->movie"": 24.611297607421875, ""keyword--keyword_in-->movie"": 20.76017951965332}","{""actor--acts_in-->movie"": 68, ""director--directs-->movie"": 68, ""keyword--keyword_in-->movie"": 68}","{""actor--acts_in-->movie"": 1, ""director--directs-->movie"": 1, ""keyword--keyword_in-->movie"": 1}","{""actor--acts_in-->movie"": 1.0, ""director--directs-->movie"": 1.0, ""keyword--keyword_in-->movie"": 1.0}",238,102,completed,experiments\logs\imdb_rescue_rplus_seed42\imdb_rank_adaptive_class_balanced_r0p025_seed42.json
imdb,adaptive_b,clipped,42,0.025,0.3366645872592926,0.28842914998531344,5,1.457636693108508,"{""actor--acts_in-->movie"": 0.8798933930351477, ""director--directs-->movie"": 0.8257151984711026, ""keyword--keyword_in-->movie"": 0.8291221983565281}","{""actor--acts_in-->movie"": 23.645305633544922, ""director--directs-->movie"": 24.611297607421875, ""keyword--keyword_in-->movie"": 20.76017951965332}","{""actor--acts_in-->movie"": 12, ""director--directs-->movie"": 12, ""keyword--keyword_in-->movie"": 12}","{""actor--acts_in-->movie"": 4, ""director--directs-->movie"": 4, ""keyword--keyword_in-->movie"": 4}","{""actor--acts_in-->movie"": 1.0, ""director--directs-->movie"": 1.0, ""keyword--keyword_in-->movie"": 1.0}",70,199,completed,experiments\logs\imdb_rescue_rplus_seed42\imdb_adaptive_b_clipped_r0p025_seed42.json
imdb,adaptive_b,sqrt_weighted,42,0.025,0.31542786955833435,0.2770701885223389,5,1.5316589215730456,"{""actor--acts_in-->movie"": 0.8798933930351477, ""director--directs-->movie"": 0.8257151984711026, ""keyword--keyword_in-->movie"": 0.8291221983565281}","{""actor--acts_in-->movie"": 23.645305633544922, ""director--directs-->movie"": 24.611297607421875, ""keyword--keyword_in-->movie"": 20.76017951965332}","{""actor--acts_in-->movie"": 12, ""director--directs-->movie"": 12, ""keyword--keyword_in-->movie"": 12}","{""actor--acts_in-->movie"": 4, ""director--directs-->movie"": 4, ""keyword--keyword_in-->movie"": 4}","{""actor--acts_in-->movie"": 1.0, ""director--directs-->movie"": 1.0, ""keyword--keyword_in-->movie"": 1.0}",70,199,completed,experiments\logs\imdb_rescue_rplus_seed42\imdb_adaptive_b_sqrt_weighted_r0p025_seed42.json
imdb,adaptive_b,class_balanced,42,0.025,0.34634602069854736,0.2977138668298721,5,1.4868175087703563,"{""actor--acts_in-->movie"": 0.8798933930351477, ""director--directs-->movie"": 0.8257151984711026, ""keyword--keyword_in-->movie"": 0.8291221983565281}","{""actor--acts_in-->movie"": 23.645305633544922, ""director--directs-->movie"": 24.611297607421875, ""keyword--keyword_in-->movie"": 20.76017951965332}","{""actor--acts_in-->movie"": 12, ""director--directs-->movie"": 12, ""keyword--keyword_in-->movie"": 12}","{""actor--acts_in-->movie"": 4, ""director--directs-->movie"": 4, ""keyword--keyword_in-->movie"": 4}","{""actor--acts_in-->movie"": 1.0, ""director--directs-->movie"": 1.0, ""keyword--keyword_in-->movie"": 1.0}",70,199,completed,experiments\logs\imdb_rescue_rplus_seed42\imdb_adaptive_b_class_balanced_r0p025_seed42.json
imdb,relation_gate,clipped,42,0.025,0.3310430943965912,0.2869583576917648,5,1.5000787828246154,"{""actor--acts_in-->movie"": 0.9915553138235607, ""director--directs-->movie"": 0.9894704692960229, ""keyword--keyword_in-->movie"": 0.9216682006580831}","{""actor--acts_in-->movie"": 23.645305633544922, ""director--directs-->movie"": 24.611297607421875, ""keyword--keyword_in-->movie"": 20.76017951965332}","{""actor--acts_in-->movie"": 12, ""director--directs-->movie"": 12, ""keyword--keyword_in-->movie"": 12}","{""actor--acts_in-->movie"": 1, ""director--directs-->movie"": 1, ""keyword--keyword_in-->movie"": 1}","{""actor--acts_in-->movie"": 3.4753198623657227, ""director--directs-->movie"": 3.086693286895752, ""keyword--keyword_in-->movie"": 0.41672810912132263}",70,102,completed,experiments\logs\imdb_rescue_rplus_seed42\imdb_relation_gate_clipped_r0p025_seed42.json
imdb,relation_gate,sqrt_weighted,42,0.025,0.32916927337646484,0.2846021294593811,5,1.5030031480671366,"{""actor--acts_in-->movie"": 0.9915553138235607, ""director--directs-->movie"": 0.9894704692960229, ""keyword--keyword_in-->movie"": 0.9216682006580831}","{""actor--acts_in-->movie"": 23.645305633544922, ""director--directs-->movie"": 24.611297607421875, ""keyword--keyword_in-->movie"": 20.76017951965332}","{""actor--acts_in-->movie"": 12, ""director--directs-->movie"": 12, ""keyword--keyword_in-->movie"": 12}","{""actor--acts_in-->movie"": 1, ""director--directs-->movie"": 1, ""keyword--keyword_in-->movie"": 1}","{""actor--acts_in-->movie"": 3.2595372200012207, ""director--directs-->movie"": 2.883049726486206, ""keyword--keyword_in-->movie"": 0.4221263825893402}",70,102,completed,experiments\logs\imdb_rescue_rplus_seed42\imdb_relation_gate_sqrt_weighted_r0p025_seed42.json
imdb,relation_gate,class_balanced,42,0.025,0.3538413345813751,0.30999569594860077,5,1.5152103645860917,"{""actor--acts_in-->movie"": 0.9915553138235607, ""director--directs-->movie"": 0.9894704692960229, ""keyword--keyword_in-->movie"": 0.9216682006580831}","{""actor--acts_in-->movie"": 23.645305633544922, ""director--directs-->movie"": 24.611297607421875, ""keyword--keyword_in-->movie"": 20.76017951965332}","{""actor--acts_in-->movie"": 12, ""director--directs-->movie"": 12, ""keyword--keyword_in-->movie"": 12}","{""actor--acts_in-->movie"": 1, ""director--directs-->movie"": 1, ""keyword--keyword_in-->movie"": 1}","{""actor--acts_in-->movie"": 3.5868618488311768, ""director--directs-->movie"": 3.4737610816955566, ""keyword--keyword_in-->movie"": 0.39328962564468384}",70,102,completed,experiments\logs\imdb_rescue_rplus_seed42\imdb_relation_gate_class_balanced_r0p025_seed42.json
