dataset,ratio,variant,seed,status,accuracy,macro_f1,weighted_f1,predicted_class_count,prediction_entropy,condensed_nodes_total,condensed_edges_total,total_condensed_node_ratio,byte_size_compression,compiled_head,label_affinity,boundary_prototypes,loss_type,train_time_s,inference_time_s,lad_precompute_time_s,peak_cpu_ram_mb,peak_gpu_ram_mb,reason,source_log
acm,0.096,V0_current_best,42,completed,0.8172804713249207,0.8176755905151367,0.8159191554441708,3,1.081009120511331,269,619,0.024584171083896912,0.023474304635330984,False,False,False,,0.5691989,0.011533499999998753,0.0,8204439552,0,,experiments\logs\lad_stage_small_seed42\acm_V0_current_best_r0p096_seed42.json
acm,0.096,V1_compiled_demand_head,42,completed,0.7960339784622192,0.7926123738288879,0.7921992320465698,3,1.0750808952324484,269,619,0.024584171083896912,0.023474304635330984,True,False,False,,3.633826899999999,0.03538959999999847,0.000146900000000727,12065603584,0,,experiments\logs\lad_stage_small_seed42\acm_V1_compiled_demand_head_r0p096_seed42.json
acm,0.096,V2_compiled_plus_lad,42,completed,0.8083097338676453,0.8105141123135885,0.8097732968887585,3,1.0856846829729776,269,619,0.024584171083896912,0.023474304635330984,True,True,False,,4.299550199999999,0.03672830000000005,0.01826769999999911,13944016896,0,,experiments\logs\lad_stage_small_seed42\acm_V2_compiled_plus_lad_r0p096_seed42.json
acm,0.096,V3_compiled_lad_boundary,42,completed,0.8050047159194946,0.8073242902755737,0.8065229059509371,3,1.0933685648988365,246,638,0.02248217876073844,0.02152440240063398,True,True,True,,4.329662800000001,0.03221070000000026,0.01740660000000105,14041632768,0,,experiments\logs\lad_stage_small_seed42\acm_V3_compiled_lad_boundary_r0p096_seed42.json
dblp,0.005,V0_current_best,42,completed,0.8267605900764465,0.8201221227645874,0.8273060443764291,4,1.3736774385148574,48,16,0.001837109614206981,0.0022835630365091986,False,False,False,,0.28582560000000257,0.01849070000000097,0.0,13963698176,0,,experiments\logs\lad_stage_small_seed42\dblp_V0_current_best_r0p005_seed42.json
dblp,0.005,V1_compiled_demand_head,42,completed,0.3964788615703583,0.38616520166397095,0.3904537691015642,4,1.092154816954441,48,16,0.001837109614206981,0.0022835630365091986,True,False,False,,0.7538351999999975,0.016685400000000072,0.00015989999999987958,14016786432,0,,experiments\logs\lad_stage_small_seed42\dblp_V1_compiled_demand_head_r0p005_seed42.json
dblp,0.005,V2_compiled_plus_lad,42,completed,0.4320422410964966,0.4310012012720108,0.4306557582174181,4,1.1749893683807764,48,16,0.001837109614206981,0.0022835630365091986,True,True,False,,0.8598283999999978,0.015782200000003854,0.0040521000000026675,14021140480,0,,experiments\logs\lad_stage_small_seed42\dblp_V2_compiled_plus_lad_r0p005_seed42.json
dblp,0.005,V3_compiled_lad_boundary,42,completed,0.25070422887802124,0.10022522509098053,0.10050754980332444,1,-0.0,24,16,0.0009185548071034905,0.0006624631694839605,True,True,True,,0.8843444999999974,0.018655200000004868,0.0036016000000032022,14020358144,0,,experiments\logs\lad_stage_small_seed42\dblp_V3_compiled_lad_boundary_r0p005_seed42.json
dblp,0.065,V0_current_best,42,completed,0.8369718194007874,0.8299928903579712,0.8367709996264086,4,1.3678554889331707,237,79,0.009070728720146968,0.011275092492764167,False,False,False,,0.3754643999999985,0.018520999999999788,0.0,13985619968,0,,experiments\logs\lad_stage_small_seed42\dblp_V0_current_best_r0p065_seed42.json
dblp,0.065,V1_compiled_demand_head,42,completed,0.47535210847854614,0.49224110692739487,0.5006922458148684,4,1.1867891771166086,237,79,0.009070728720146968,0.011275092492764167,True,False,False,,1.336841200000002,0.018419300000005023,0.00015779999999665506,14016184320,0,,experiments\logs\lad_stage_small_seed42\dblp_V1_compiled_demand_head_r0p065_seed42.json
dblp,0.065,V2_compiled_plus_lad,42,completed,0.41830986738204956,0.42661868780851364,0.4322571968678704,4,1.109771060671064,237,79,0.009070728720146968,0.011275092492764167,True,True,False,,1.4927254999999988,0.02084430000000026,0.0045865999999961105,14019215360,0,,experiments\logs\lad_stage_small_seed42\dblp_V2_compiled_plus_lad_r0p065_seed42.json
dblp,0.065,V3_compiled_lad_boundary,42,completed,0.4542253613471985,0.46802834421396255,0.47612359889556927,4,1.1618214657519805,183,79,0.007003980404164115,0.007627617791957381,True,True,True,,1.5002543000000017,0.019322299999998904,0.004048499999996125,14025908224,0,,experiments\logs\lad_stage_small_seed42\dblp_V3_compiled_lad_boundary_r0p065_seed42.json
imdb,0.005,V0_current_best,42,completed,0.3338538408279419,0.32561702132225034,0.33802472686678614,5,1.5710138651864045,127,60,0.005929038281979458,0.005841200213934383,False,False,False,,1.2460398000000055,0.11084739999999726,0.0,14027980800,0,,experiments\logs\lad_stage_small_seed42\imdb_V0_current_best_r0p005_seed42.json
imdb,0.005,V1_compiled_demand_head,42,completed,0.38226109743118286,0.35412907004356386,0.39898407273195874,5,1.5390331802850337,127,60,0.005929038281979458,0.005841200213934383,True,False,False,,1.7468107999999916,0.05826720000000307,0.00017660000000319087,14087319552,0,,experiments\logs\lad_stage_small_seed42\imdb_V1_compiled_demand_head_r0p005_seed42.json
imdb,0.005,V2_compiled_plus_lad,42,completed,0.4200499653816223,0.3552080750465393,0.4026302459328018,5,1.2915558585768243,127,60,0.005929038281979458,0.005841200213934383,True,True,False,,2.1125061999999986,0.05543389999999704,0.008943599999994944,14086389760,0,,experiments\logs\lad_stage_small_seed42\imdb_V2_compiled_plus_lad_r0p005_seed42.json
imdb,0.005,V3_compiled_lad_boundary,42,completed,0.35227981209754944,0.34780630469322205,0.36996607979064905,5,1.5763410859874238,133,60,0.006209150326797385,0.006118277917099044,True,True,True,,2.124848799999995,0.056549799999999095,0.00790999999999542,14112538624,0,,experiments\logs\lad_stage_small_seed42\imdb_V3_compiled_lad_boundary_r0p005_seed42.json
imdb,0.025,V0_current_best,42,completed,0.40755778551101685,0.38423375487327577,0.410433679678235,5,1.557641150275583,237,102,0.011064425770308124,0.010913636673584838,False,False,False,,1.4101392999999973,0.1098573000000016,0.0,14105645056,0,,experiments\logs\lad_stage_small_seed42\imdb_V0_current_best_r0p025_seed42.json
imdb,0.025,V1_compiled_demand_head,42,completed,0.37070581316947937,0.32857092916965486,0.37833495837188463,5,1.4870711668641894,237,102,0.011064425770308124,0.010913636673584838,True,False,False,,2.052888600000003,0.05577610000000277,0.00017019999999945412,14106861568,0,,experiments\logs\lad_stage_small_seed42\imdb_V1_compiled_demand_head_r0p025_seed42.json
imdb,0.025,V2_compiled_plus_lad,42,completed,0.3878825604915619,0.3607961118221283,0.4044207331070562,5,1.577822466309382,237,102,0.011064425770308124,0.010913636673584838,True,True,False,,2.536391000000009,0.061158700000007116,0.00982580000000155,14113566720,0,,experiments\logs\lad_stage_small_seed42\imdb_V2_compiled_plus_lad_r0p025_seed42.json
imdb,0.025,V3_compiled_lad_boundary,42,completed,0.3819487690925598,0.34811302423477175,0.39479949955955285,5,1.5435312649814765,238,102,0.011111111111111112,0.010958491630764464,True,True,True,,2.5316607999999974,0.05675649999999166,0.009479200000001242,14107713536,0,,experiments\logs\lad_stage_small_seed42\imdb_V3_compiled_lad_boundary_r0p025_seed42.json
imdb,0.05,V0_current_best,42,completed,0.3351030647754669,0.3297014355659485,0.34261327925872276,5,1.586306036274097,483,207,0.022549019607843137,0.022239291838904354,False,False,False,,1.65737630000001,0.11008600000000968,0.0,14101483520,0,,experiments\logs\lad_stage_small_seed42\imdb_V0_current_best_r0p05_seed42.json
imdb,0.05,V1_compiled_demand_head,42,completed,0.38881948590278625,0.3627117872238159,0.39204162400402887,5,1.5201612589683924,483,207,0.022549019607843137,0.022239291838904354,True,False,False,,2.993435000000005,0.056226300000005835,0.00012119999999526954,14115999744,0,,experiments\logs\lad_stage_small_seed42\imdb_V1_compiled_demand_head_r0p05_seed42.json
imdb,0.05,V2_compiled_plus_lad,42,completed,0.3791380524635315,0.3548907995223999,0.3807781954585317,5,1.5501774800677697,483,207,0.022549019607843137,0.022239291838904354,True,True,False,,3.4504816999999974,0.061525099999997224,0.009079400000004512,14115667968,0,,experiments\logs\lad_stage_small_seed42\imdb_V2_compiled_plus_lad_r0p05_seed42.json
imdb,0.05,V3_compiled_lad_boundary,42,completed,0.36445972323417664,0.33975748121738436,0.3843255998740666,5,1.5317544966194516,483,207,0.022549019607843137,0.022239291838904354,True,True,True,,3.2927006999999833,0.06152249999999526,0.008402499999988322,14117961728,0,,experiments\logs\lad_stage_small_seed42\imdb_V3_compiled_lad_boundary_r0p05_seed42.json
