dataset,seed,ratio,ratio_percent,status,method,loss_type,model,projection_type,requested_target_budget,effective_target_prototypes,shadow_nodes_total,condensed_nodes_total,condensed_edges_total,effective_target_ratio,condensed_node_ratio_to_train_target,accuracy,macro_f1,predicted_classes,skeleton_coverage_mean,residual_energy_mean,shadow_recon_err_mean,condense_s,train_s,infer_s,peak_cpu_ram_gb,peak_gpu_ram_gb,source_log
ogbn-arxiv,42,0.005,0.5,completed,Shadow-HGC-R-1,,relation_linear,random,455,455,228,683,3875,0.005003243861404647,0.0075103638622843385,0.42931506037712097,0.2955814555287361,40,0.5117444589547687,0.6290481871064202,0.45420081493119413,22.8612632,0.7816428999999978,0.1347795000000005,,,experiments\logs\medium_ratio_sweep_seed42_20260608\ogbn-arxiv_r0p005_seed42.json
ogbn-arxiv,42,0.01,1.0,completed,Shadow-HGC-R-1,,relation_linear,random,909,909,456,1365,7715,0.009995491582454559,0.015009731584213941,0.40507787466049194,0.28314889832399787,40,0.47171307789492056,0.6787245005874591,0.44902608542344047,26.238939300000002,1.0748730999999978,0.13818880000000178,,,experiments\logs\medium_ratio_sweep_seed42_20260608\ogbn-arxiv_r0p01_seed42.json
ogbn-arxiv,42,0.015,1.5,completed,Shadow-HGC-R-1,,relation_linear,random,1364,1364,682,2046,11484,0.014998735443859205,0.022498103165788808,0.40032508969306946,0.2658639374189079,40,0.48204687764640375,0.7129868402249637,0.4707350958086156,33.371670200000004,1.180384900000007,0.1357062999999954,,,experiments\logs\medium_ratio_sweep_seed42_20260608\ogbn-arxiv_r0p015_seed42.json
ogbn-arxiv,42,0.02,2.0,completed,Shadow-HGC-R-1,,relation_linear,random,1819,1819,910,2729,15348,0.020001979305263852,0.030008467028073145,0.4020945131778717,0.2695910325739533,40,0.5034620624361141,0.7241930832142834,0.5101381358682776,40.70865149999999,2.3902716000000055,0.14086120000001756,,,experiments\logs\medium_ratio_sweep_seed42_20260608\ogbn-arxiv_r0p02_seed42.json
ogbn-arxiv,42,0.025,2.5,completed,Shadow-HGC-R-1,,relation_linear,random,2274,2274,1138,3412,18971,0.0250052231666685,0.037518830890357485,0.3997489809989929,0.2615161027293652,40,0.5283059028164858,0.7281509377407778,0.5281395252359737,48.969392200000044,1.54948109999998,0.12573789999999008,,,experiments\logs\medium_ratio_sweep_seed42_20260608\ogbn-arxiv_r0p025_seed42.json
ogbn-arxiv,42,0.03,3.0,completed,Shadow-HGC-R-1,,relation_linear,random,2728,2728,1364,4092,22436,0.02999747088771841,0.044996206331577616,0.386766254901886,0.26442691865377127,40,0.5628134682505275,0.7448242448721548,0.5916103576126124,57.73312809999999,1.643136400000003,0.12356099999999515,,,experiments\logs\medium_ratio_sweep_seed42_20260608\ogbn-arxiv_r0p03_seed42.json
ogbn-arxiv,42,0.035,3.5000000000000004,completed,Shadow-HGC-R-1,,relation_linear,random,3183,3180,1590,4770,25828,0.03496772632805885,0.05245158949208828,0.3860255479812622,0.255353250564076,40,0.5847939179140633,0.7515534766889826,0.5829753397462561,61.51371339999994,1.778934500000048,0.11816379999999072,,,experiments\logs\medium_ratio_sweep_seed42_20260608\ogbn-arxiv_r0p035_seed42.json
ogbn-arxiv,42,0.04,4.0,completed,Shadow-HGC-R-1,,relation_linear,random,3638,3637,1820,5457,29145,0.03999296247017297,0.060005937915791556,0.3976297676563263,0.2630734008038417,40,0.6118567686478491,0.7530577706121171,0.6109073530654046,70.61998990000001,2.0029243999999835,0.14607910000000857,,,experiments\logs\medium_ratio_sweep_seed42_20260608\ogbn-arxiv_r0p04_seed42.json
ogbn-arxiv,42,0.045,4.5,completed,Shadow-HGC-R-1,,relation_linear,random,4092,4088,2044,6132,32468,0.044952221770158673,0.06742833265523801,0.3799765408039093,0.2579375554807484,40,0.6281356564017215,0.7533723346213071,0.623940183129474,75.3332514,6.377889999999979,0.13411220000000412,,,experiments\logs\medium_ratio_sweep_seed42_20260608\ogbn-arxiv_r0p045_seed42.json
ogbn-arxiv,42,0.05,5.0,completed,Shadow-HGC-R-1,,relation_linear,random,4547,4544,2272,6816,35450,0.049966461771918054,0.07494969265787708,0.40032508969306946,0.2638294787378982,40,0.6559055552153198,0.7581696210402613,0.5953672227949378,84.54122550000017,3.01839439999992,0.13342149999994035,,,experiments\logs\medium_ratio_sweep_seed42_20260608\ogbn-arxiv_r0p05_seed42.json
ogbn-arxiv,42,0.055,5.5,completed,Shadow-HGC-R-1,,relation_linear,random,5002,4996,2498,7494,38479,0.0549367172122585,0.08240507581838774,0.4013538360595703,0.25969743593595923,40,0.6699753429599422,0.7593699142001143,0.5765389616929579,90.56629029999999,2.5466423000000304,0.12503479999998035,,,experiments\logs\medium_ratio_sweep_seed42_20260608\ogbn-arxiv_r0p055_seed42.json
ogbn-arxiv,42,0.06,6.0,completed,Shadow-HGC-R-1,,relation_linear,random,5456,5451,2726,8177,41366,0.059939961073663145,0.08991543968067209,0.3916424810886383,0.25749494023621083,40,0.6892875370109555,0.7631851033000903,0.585821491299482,96.76086980000014,2.9884935999999698,0.12760929999990367,,,experiments\logs\medium_ratio_sweep_seed42_20260608\ogbn-arxiv_r0p06_seed42.json
ogbn-arxiv,42,0.065,6.5,completed,Shadow-HGC-R-1,,relation_linear,random,5911,5899,2950,8849,44171,0.06486623195258465,0.09730484599905433,0.40911054611206055,0.26437612804584204,40,0.699070930950376,0.760158854652883,0.5843775142393967,104.14562990000002,2.8812642000000324,0.12141509999992195,,,experiments\logs\medium_ratio_sweep_seed42_20260608\ogbn-arxiv_r0p065_seed42.json
ogbn-arxiv,42,0.07,7.000000000000001,completed,Shadow-HGC-R-1,,relation_linear,random,6366,6361,3182,9543,47221,0.06994644879647244,0.10493616740524075,0.41236138343811035,0.26950410057324914,40,0.7119580380164832,0.7587699646316959,0.5824344938205921,112.54288020000013,3.2044102999999495,0.12535059999993337,,,experiments\logs\medium_ratio_sweep_seed42_20260608\ogbn-arxiv_r0p07_seed42.json
ogbn-arxiv,42,0.075,7.5,completed,Shadow-HGC-R-1,,relation_linear,random,6821,6803,3402,10205,50017,0.07480674283326552,0.11221561232007565,0.4064975380897522,0.26214292137883605,40,0.7197296536238885,0.7605957705055497,0.5801698566367712,119.0187056000002,3.184982199999922,0.12239759999988564,,,experiments\logs\medium_ratio_sweep_seed42_20260608\ogbn-arxiv_r0p075_seed42.json
ogbn-arxiv,42,0.08,8.0,completed,Shadow-HGC-R-1,,relation_linear,random,7275,7264,3632,10896,52823,0.07987596353679859,0.11981394530519787,0.41801947355270386,0.2690262251533568,40,0.7354717179916729,0.7579289521268535,0.577186119223277,128.54055820000008,3.551406199999974,0.1195365999999467,,,experiments\logs\medium_ratio_sweep_seed42_20260608\ogbn-arxiv_r0p08_seed42.json
ogbn-arxiv,42,0.085,8.5,completed,Shadow-HGC-R-1,,relation_linear,random,7730,7710,3856,11566,54986,0.0847802421350106,0.12718135934287064,0.42116740345954895,0.27419111526105555,40,0.7474877092691709,0.7622402987793915,0.5793646652077244,132.8227942000001,7.510029099999883,0.1408261000001403,,,experiments\logs\medium_ratio_sweep_seed42_20260608\ogbn-arxiv_r0p085_seed42.json
ogbn-arxiv,42,0.09,9.0,completed,Shadow-HGC-R-1,,relation_linear,random,8185,8164,4082,12246,58113,0.08977248985606053,0.1346587347840908,0.4290475845336914,0.28579283903818575,40,0.7537734593257966,0.7595324143928701,0.5800647038794616,139.3221653999999,7.779280500000141,0.13420719999999164,,,experiments\logs\medium_ratio_sweep_seed42_20260608\ogbn-arxiv_r0p09_seed42.json
ogbn-arxiv,42,0.095,9.5,completed,Shadow-HGC-R-1,,relation_linear,random,8639,8608,4304,12912,60453,0.09465477617356308,0.14198216426034463,0.4414336681365967,0.2846744780195877,40,0.7610229165377034,0.7610738015463563,0.5773839570667618,146.6043327,4.325810499999989,0.13036940000006325,,,experiments\logs\medium_ratio_sweep_seed42_20260608\ogbn-arxiv_r0p095_seed42.json
ogbn-arxiv,42,0.1,10.0,completed,Shadow-HGC-R-1,,relation_linear,random,9094,9045,4524,13569,63256,0.09946008950858248,0.14920662847340582,0.4355286657810211,0.28530228792224077,40,0.7699295733175717,0.7609397583816865,0.5710748533953717,157.79291639999997,4.962323699999843,0.12351280000007137,,,experiments\logs\medium_ratio_sweep_seed42_20260608\ogbn-arxiv_r0p1_seed42.json
ogbn-arxiv,42,0.105,10.5,completed,Shadow-HGC-R-1,,relation_linear,random,9549,9497,4750,14247,65333,0.10443034494892293,0.1566620116339165,0.44567206501960754,0.2916109571233392,40,0.7756658471675355,0.7608752553329879,0.5698471821931561,161.92607129999988,4.547152600000118,0.12249289999999746,,,experiments\logs\medium_ratio_sweep_seed42_20260608\ogbn-arxiv_r0p105_seed42.json
ogbn-arxiv,42,0.11,11.0,completed,Shadow-HGC-R-1,,relation_linear,random,10004,9947,4974,14921,68432,0.1093786081085539,0.16407341023300823,0.4450753927230835,0.29176984550431373,40,0.7799237742347591,0.7577076081442264,0.5681902885772435,170.59450749999996,4.437408799999957,0.12322300000005271,,,experiments\logs\medium_ratio_sweep_seed42_20260608\ogbn-arxiv_r0p11_seed42.json
ogbn-arxiv,42,0.115,11.5,completed,Shadow-HGC-R-1,,relation_linear,random,10458,10387,5194,15581,70904,0.1142169098646375,0.17133086286713364,0.4640865921974182,0.305580121697858,40,0.7871185012699309,0.757587057295218,0.5665709674666473,173.6862812999998,5.2071468999997705,0.11881930000026841,,,experiments\logs\medium_ratio_sweep_seed42_20260608\ogbn-arxiv_r0p115_seed42.json
ogbn-arxiv,42,0.12,12.0,completed,Shadow-HGC-R-1,,relation_linear,random,10913,10833,5418,16251,73240,0.11912118846284954,0.1786982769048064,0.4697240889072418,0.31029988727532326,40,0.7904322971679525,0.7566259168186158,0.5650064825584467,183.8876292,4.867803800000274,0.1230108999998265,,,experiments\logs\medium_ratio_sweep_seed42_20260608\ogbn-arxiv_r0p12_seed42.json
ogbn-products,42,0.005,0.5,completed,Shadow-HGC-R-1,,relation_linear,random,983,965,484,1449,9618,0.0049080690689927015,0.007369732726394222,0.42951464653015137,0.19284217031375367,40,0.6026291443343644,0.7553419940260974,0.41480812917699156,42.27232309999954,1.1018405999998322,49.80002330000025,,,experiments\logs\medium_ratio_sweep_seed42_20260608\ogbn-products_r0p005_seed42.json
ogbn-products,42,0.01,1.0,completed,Shadow-HGC-R-1,,relation_linear,random,1966,1948,974,2922,19410,0.009907687612847443,0.014861531419271164,0.4252893328666687,0.19464752576908373,41,0.5586945072957413,0.7740404613140449,0.42914931305328097,71.42173170000024,1.567425600000206,61.21959629999992,,,experiments\logs\medium_ratio_sweep_seed42_20260608\ogbn-products_r0p01_seed42.json
ogbn-products,42,0.015,1.5,completed,Shadow-HGC-R-1,,relation_linear,random,2949,2931,1466,4397,29152,0.014907306156702185,0.022363502276021668,0.4425489008426666,0.1967147048661842,40,0.5380853030179015,0.7877035031726634,0.4293550930241431,100.11847829999988,2.442382500000349,67.53515549999975,,,experiments\logs\medium_ratio_sweep_seed42_20260608\ogbn-products_r0p015_seed42.json
ogbn-products,42,0.02,2.0,completed,Shadow-HGC-R-1,,relation_linear,random,3932,3909,1956,5865,38866,0.019881494290873027,0.02982987055921471,0.47438493371009827,0.21623058202973705,41,0.5233045366020987,0.8254491418782756,0.557784884557135,116.3281978,2.761025199999949,68.29144750000023,,,experiments\logs\medium_ratio_sweep_seed42_20260608\ogbn-products_r0p02_seed42.json
ogbn-products,42,0.025,2.5,completed,Shadow-HGC-R-1,,relation_linear,random,4915,4887,2444,7331,48528,0.02485568242504387,0.037286066678534194,0.4870784878730774,0.21512042606705206,41,0.5162384136591596,0.8106212810252005,0.45948663728264094,137.1796191000003,3.3270786999996744,61.38196710000011,,,experiments\logs\medium_ratio_sweep_seed42_20260608\ogbn-products_r0p025_seed42.json
ogbn-products,42,0.03,3.0,completed,Shadow-HGC-R-1,,relation_linear,random,5898,5869,2936,8805,58218,0.02985021488696183,0.044782951453347916,0.5006856918334961,0.2204708348305777,42,0.5046970029764889,0.830567517209846,0.5279892487593327,147.66019390000065,4.313897999999881,76.08111879999979,,,experiments\logs\medium_ratio_sweep_seed42_20260608\ogbn-products_r0p03_seed42.json
ogbn-products,42,0.035,3.5000000000000004,completed,Shadow-HGC-R-1,,relation_linear,random,6882,6836,3418,10254,67800,0.03476845611982809,0.052152684179742136,0.5112704634666443,0.2273550349822704,41,0.499612117969638,0.8193026134280241,0.5081989192286538,177.75052190000042,4.5585330999997495,69.87868909999997,,,experiments\logs\medium_ratio_sweep_seed42_20260608\ogbn-products_r0p035_seed42.json
ogbn-products,42,0.04,4.0,completed,Shadow-HGC-R-1,,relation_linear,random,7865,7798,3900,11698,77362,0.039661266943010455,0.05949698649645246,0.5248943567276001,0.2339271967289375,41,0.4970562240970082,0.8123665220737473,0.42448008895507827,185.63309759999993,4.857316999999966,70.76762970000027,,,experiments\logs\medium_ratio_sweep_seed42_20260608\ogbn-products_r0p04_seed42.json
ogbn-products,42,0.045,4.5,completed,Shadow-HGC-R-1,,relation_linear,random,8848,8759,4380,13139,86892,0.04454899168425603,0.06682603056735244,0.5337643027305603,0.23745517356400478,42,0.4877881260761363,0.8415769352003405,0.5770988986255222,204.57655020000038,5.376273900000342,59.70507879999968,,,experiments\logs\medium_ratio_sweep_seed42_20260608\ogbn-products_r0p045_seed42.json
ogbn-products,42,0.05,5.0,completed,Shadow-HGC-R-1,,relation_linear,random,9831,9731,4866,14597,96468,0.04949266332680619,0.07424153803117768,0.5389222502708435,0.24095223133670204,42,0.4857939718543289,0.8196108413287833,0.4166879531091209,220.15229699999963,6.154195700000855,99.86278159999983,,,experiments\logs\medium_ratio_sweep_seed42_20260608\ogbn-products_r0p05_seed42.json
ogbn-products,42,0.055,5.5,completed,Shadow-HGC-R-1,,relation_linear,random,10814,10687,5344,16031,105882,0.054354957658367876,0.08153497952852021,0.5447055697441101,0.24277194583431838,42,0.47954533839811936,0.8347219771341097,0.4796901283683477,241.69769619999988,10.38048340000023,62.75097530000039,,,experiments\logs\medium_ratio_sweep_seed42_20260608\ogbn-products_r0p055_seed42.json
ogbn-products,42,0.06,6.0,completed,Shadow-HGC-R-1,,relation_linear,random,11797,11636,5818,17454,115286,0.0591816494163721,0.08877247412455815,0.5476376414299011,0.24345723581203121,40,0.47800926443656955,0.842171293678496,0.5263088260194863,257.1234308000012,7.471391499999299,66.9985643,,,experiments\logs\medium_ratio_sweep_seed42_20260608\ogbn-products_r0p06_seed42.json
ogbn-products,42,0.065,6.5,completed,Shadow-HGC-R-1,,relation_linear,random,12780,12584,6292,18876,124740,0.06400325509243954,0.0960048826386593,0.560410737991333,0.2503889879320768,42,0.4718797860178174,0.8296259006293512,0.4381960416246026,359.64404790000026,12.229019399999743,61.16841829999976,,,experiments\logs\medium_ratio_sweep_seed42_20260608\ogbn-products_r0p065_seed42.json
ogbn-products,42,0.07,7.000000000000001,completed,Shadow-HGC-R-1,,relation_linear,random,13763,13530,6766,20296,134024,0.06881468860463343,0.10322711898888691,0.5575825572013855,0.24914905331791082,42,0.46676312149814286,0.8285624687794135,0.42622552363486244,358.6134533,8.318882099999996,16.994482500000004,,,experiments\logs\medium_ratio_sweep_seed42_20260608\ogbn-products_r0p07_seed42.json
ogbn-products,42,0.075,7.5,completed,Shadow-HGC-R-1,,relation_linear,random,14746,14439,7220,21659,142874,0.07343793708516644,0.11015944866871805,0.5628923773765564,0.2503397334961498,41,0.4676254103038291,0.8266883766429569,0.41458462459079937,388.3367616,13.589092100000016,16.724694199999988,,,experiments\logs\medium_ratio_sweep_seed42_20260608\ogbn-products_r0p075_seed42.json
ogbn-products,42,0.08,8.0,completed,Shadow-HGC-R-1,,relation_linear,random,15729,15406,7704,23110,152536,0.07835617831803271,0.11753935355898583,0.5649044513702393,0.2504369306546497,40,0.45773492237014735,0.829823364357922,0.41432330997717304,426.8570557999999,9.953295800000035,17.214653700000042,,,experiments\logs\medium_ratio_sweep_seed42_20260608\ogbn-products_r0p08_seed42.json
ogbn-products,42,0.085,8.5,completed,Shadow-HGC-R-1,,relation_linear,random,16712,16358,8180,24538,161842,0.08319812832184727,0.12480227856470767,0.5675636529922485,0.2541120659034858,40,0.454541828493089,0.8399394528053055,0.487605669958581,463.0359685999998,11.738147800000093,16.701995500000066,,,experiments\logs\medium_ratio_sweep_seed42_20260608\ogbn-products_r0p085_seed42.json
ogbn-products,42,0.09,9.0,completed,Shadow-HGC-R-1,,relation_linear,random,17695,17292,8646,25938,170900,0.08794852885079979,0.13192279327619968,0.575337827205658,0.25734237658276043,40,0.454860075815074,0.8420643599775384,0.4931375893559989,496.60871160000005,14.625240399999996,13.698120099999983,,,experiments\logs\medium_ratio_sweep_seed42_20260608\ogbn-products_r0p09_seed42.json
ogbn-products,42,0.095,9.5,completed,Shadow-HGC-R-1,,relation_linear,random,18678,18255,9128,27383,180642,0.09284642575591892,0.13927218167484678,0.573153555393219,0.2579316487932142,41,0.4512825725041616,0.8380816812625702,0.43477627777030314,536.2845307,15.488371299999926,13.787417300000016,,,experiments\logs\medium_ratio_sweep_seed42_20260608\ogbn-products_r0p095_seed42.json
ogbn-products,42,0.1,10.0,completed,Shadow-HGC-R-1,,relation_linear,random,19662,19145,9574,28719,189384,0.09737303867965313,0.14606718714238487,0.5793073773384094,0.2585755269429547,40,0.44751250783306196,0.8370611974358052,0.4135141746369787,586.6682911,16.511181100000044,17.72157729999992,,,experiments\logs\medium_ratio_sweep_seed42_20260608\ogbn-products_r0p1_seed42.json
ogbn-products,42,0.105,10.5,completed,Shadow-HGC-R-1,,relation_linear,random,20645,20089,10046,30135,198768,0.10217430002797345,0.15326907916486535,0.5799486041069031,0.26095738123725865,39,0.44570633924162584,0.8292155587667831,0.39550213500400844,609.8377096,17.59115750000001,17.019041499999958,,,experiments\logs\medium_ratio_sweep_seed42_20260608\ogbn-products_r0p105_seed42.json
ogbn-products,42,0.11,11.0,completed,Shadow-HGC-R-1,,relation_linear,random,21628,20977,10490,31467,207532,0.1066907407878341,0.16004374030465632,0.5858385562896729,0.2629994480335649,39,0.43983044499928237,0.8372623131147829,0.3916997357608707,647.8554393,17.811172599999963,17.702795200000082,,,experiments\logs\medium_ratio_sweep_seed42_20260608\ogbn-products_r0p11_seed42.json
ogbn-products,42,0.115,11.5,completed,Shadow-HGC-R-1,,relation_linear,random,22611,21886,10944,32830,216568,0.11131398926836711,0.16697606998448744,0.5830013155937195,0.2583320311300377,39,0.4388165194402813,0.8363208223608283,0.42971265984083207,704.6527480000001,18.772527500000024,17.395676699999967,,,experiments\logs\medium_ratio_sweep_seed42_20260608\ogbn-products_r0p115_seed42.json
ogbn-products,42,0.12,12.0,completed,Shadow-HGC-R-1,,relation_linear,random,23594,22782,11392,34174,225346,0.11587111868372199,0.17381176410751978,0.5891149640083313,0.26432562370764767,40,0.4379811131253648,0.8308486467348539,0.3558283063576445,836.6175992,19.057227600000033,17.180396799999926,,,experiments\logs\medium_ratio_sweep_seed42_20260608\ogbn-products_r0p12_seed42.json
