dataset,method,feature_dim,projection_type,loss_type,model,accuracy_std,macro_f1_std,status,accuracy,macro_f1,skeleton_coverage_mean,residual_energy_mean,shadow_recon_err_mean,prototype_train_acc,ratio,ratio_base,budget_mode,requested_target_budget,effective_target_prototypes,M_requested,M_effective,num_train_target_nodes,num_train_classes,min_proto_per_class,baseline_match_mode,baseline_budget,shadow_condensed_nodes_total,shadow_nodes_total,condensed_nodes_total,condensed_edges_total,effective_target_ratio,condensed_node_ratio_to_train_target,condensed_node_ratio_to_all_task_nodes,predicted_classes,condense_s,train_s,infer_s,peak_cpu_ram_gb,peak_gpu_ram_gb,source_log
acm,Full-WRL-GNN,64,raw,clipped,relation_linear,0.005644,0.005063,completed,0.801542,0.805829,,,,,,,count,,,,,,3,,,,,,,,,,,3,,7.264334,,,,experiments/logs/small_ratio_grid/acm_Full-WRL-GNN_seed0.json;experiments/logs/small_ratio_grid/acm_Full-WRL-GNN_seed1.json;experiments/logs/small_ratio_grid/acm_Full-WRL-GNN_seed2.json
acm,Herding-HG,64,raw,,,0.022086,,completed,0.580579,,,,,,0.005,train_target,ratio,12,12,12,12,,,,target_ratio,12,52,,12,0,,0.013230429988974642,0.003966942148760331,,0.000000,0.136825,0.000000,,,experiments/logs/small_ratio_grid/acm_Herding_HG_target_ratio_r0p005_seed0.json;experiments/logs/small_ratio_grid/acm_Herding_HG_target_ratio_r0p005_seed1.json;experiments/logs/small_ratio_grid/acm_Herding_HG_target_ratio_r0p005_seed2.json
acm,Herding-HG,64,raw,,,0.006996,,completed,0.643689,,,,,,0.005,train_target,ratio,52,52,52,52,,,,total_condensed_nodes,52,52,,52,0,,0.05733186328555678,0.0171900826446281,,0.000000,0.140245,0.000000,,,experiments/logs/small_ratio_grid/acm_Herding_HG_total_condensed_nodes_r0p005_seed0.json;experiments/logs/small_ratio_grid/acm_Herding_HG_total_condensed_nodes_r0p005_seed1.json;experiments/logs/small_ratio_grid/acm_Herding_HG_total_condensed_nodes_r0p005_seed2.json
acm,Herding-HG,64,raw,,,0.022086,,completed,0.580579,,,,,,0.01,train_target,ratio,12,12,12,12,,,,target_ratio,12,52,,12,0,,0.013230429988974642,0.003966942148760331,,0.000000,0.133095,0.000000,,,experiments/logs/small_ratio_grid/acm_Herding_HG_target_ratio_r0p01_seed0.json;experiments/logs/small_ratio_grid/acm_Herding_HG_target_ratio_r0p01_seed1.json;experiments/logs/small_ratio_grid/acm_Herding_HG_target_ratio_r0p01_seed2.json
acm,Herding-HG,64,raw,,,0.006996,,completed,0.643689,,,,,,0.01,train_target,ratio,52,52,52,52,,,,total_condensed_nodes,52,52,,52,0,,0.05733186328555678,0.0171900826446281,,0.000000,0.141174,0.000000,,,experiments/logs/small_ratio_grid/acm_Herding_HG_total_condensed_nodes_r0p01_seed0.json;experiments/logs/small_ratio_grid/acm_Herding_HG_total_condensed_nodes_r0p01_seed1.json;experiments/logs/small_ratio_grid/acm_Herding_HG_total_condensed_nodes_r0p01_seed2.json
acm,Herding-HG,64,raw,,,0.007966,,completed,0.608121,,,,,,0.02,train_target,ratio,18,18,18,18,,,,target_ratio,18,58,,18,0,,0.019845644983461964,0.0059504132231404955,,0.000000,0.133945,0.000000,,,experiments/logs/small_ratio_grid/acm_Herding_HG_target_ratio_r0p02_seed0.json;experiments/logs/small_ratio_grid/acm_Herding_HG_target_ratio_r0p02_seed1.json;experiments/logs/small_ratio_grid/acm_Herding_HG_target_ratio_r0p02_seed2.json
acm,Herding-HG,64,raw,,,0.005564,,completed,0.663676,,,,,,0.02,train_target,ratio,58,58,58,58,,,,total_condensed_nodes,58,58,,58,0,,0.0639470782800441,0.019173553719008266,,0.000000,0.142638,0.000000,,,experiments/logs/small_ratio_grid/acm_Herding_HG_total_condensed_nodes_r0p02_seed0.json;experiments/logs/small_ratio_grid/acm_Herding_HG_total_condensed_nodes_r0p02_seed1.json;experiments/logs/small_ratio_grid/acm_Herding_HG_total_condensed_nodes_r0p02_seed2.json
acm,Herding-HG,64,raw,,,0.000000,,completed,0.741265,,,,,,0.05,train_target,ratio,110,110,110,110,,,,total_condensed_nodes,110,110,,110,0,,0.12127894156560089,0.03636363636363636,,0.000000,0.168326,0.000000,,,experiments/logs/small_ratio_grid/acm_Herding_HG_total_condensed_nodes_r0p05_seed2.json
acm,Herding-HG,64,raw,,,0.011095,,completed,0.748584,,,,,,0.05,train_target,ratio,114,114,114,114,,,,total_condensed_nodes,114,114,,114,0,,0.1256890848952591,0.03768595041322314,,0.000000,0.158349,0.000000,,,experiments/logs/small_ratio_grid/acm_Herding_HG_total_condensed_nodes_r0p05_seed0.json;experiments/logs/small_ratio_grid/acm_Herding_HG_total_condensed_nodes_r0p05_seed1.json
acm,Herding-HG,64,raw,,,0.000000,,completed,0.623702,,,,,,0.05,train_target,ratio,43,43,43,43,,,,target_ratio,43,110,,43,0,,0.047409040793825796,0.014214876033057851,,0.000000,0.142431,0.000000,,,experiments/logs/small_ratio_grid/acm_Herding_HG_target_ratio_r0p05_seed2.json
acm,Herding-HG,64,raw,,,0.001180,,completed,0.637630,,,,,,0.05,train_target,ratio,45,45,45,45,,,,target_ratio,45,114,,45,0,,0.04961411245865491,0.01487603305785124,,0.000000,0.139209,0.000000,,,experiments/logs/small_ratio_grid/acm_Herding_HG_target_ratio_r0p05_seed0.json;experiments/logs/small_ratio_grid/acm_Herding_HG_target_ratio_r0p05_seed1.json
acm,K-Center-HG,64,raw,,,0.015787,,completed,0.567516,,,,,,0.005,train_target,ratio,12,12,12,12,,,,target_ratio,12,52,,12,0,,0.013230429988974642,0.003966942148760331,,0.000000,0.127753,0.000000,,,experiments/logs/small_ratio_grid/acm_K_Center_HG_target_ratio_r0p005_seed0.json;experiments/logs/small_ratio_grid/acm_K_Center_HG_target_ratio_r0p005_seed1.json;experiments/logs/small_ratio_grid/acm_K_Center_HG_target_ratio_r0p005_seed2.json
acm,K-Center-HG,64,raw,,,0.006557,,completed,0.683349,,,,,,0.005,train_target,ratio,52,52,52,52,,,,total_condensed_nodes,52,52,,52,0,,0.05733186328555678,0.0171900826446281,,0.000000,0.142089,0.000000,,,experiments/logs/small_ratio_grid/acm_K_Center_HG_total_condensed_nodes_r0p005_seed0.json;experiments/logs/small_ratio_grid/acm_K_Center_HG_total_condensed_nodes_r0p005_seed1.json;experiments/logs/small_ratio_grid/acm_K_Center_HG_total_condensed_nodes_r0p005_seed2.json
acm,K-Center-HG,64,raw,,,0.015787,,completed,0.567516,,,,,,0.01,train_target,ratio,12,12,12,12,,,,target_ratio,12,52,,12,0,,0.013230429988974642,0.003966942148760331,,0.000000,0.132989,0.000000,,,experiments/logs/small_ratio_grid/acm_K_Center_HG_target_ratio_r0p01_seed0.json;experiments/logs/small_ratio_grid/acm_K_Center_HG_target_ratio_r0p01_seed1.json;experiments/logs/small_ratio_grid/acm_K_Center_HG_target_ratio_r0p01_seed2.json
acm,K-Center-HG,64,raw,,,0.006557,,completed,0.683349,,,,,,0.01,train_target,ratio,52,52,52,52,,,,total_condensed_nodes,52,52,,52,0,,0.05733186328555678,0.0171900826446281,,0.000000,0.146441,0.000000,,,experiments/logs/small_ratio_grid/acm_K_Center_HG_total_condensed_nodes_r0p01_seed0.json;experiments/logs/small_ratio_grid/acm_K_Center_HG_total_condensed_nodes_r0p01_seed1.json;experiments/logs/small_ratio_grid/acm_K_Center_HG_total_condensed_nodes_r0p01_seed2.json
acm,K-Center-HG,64,raw,,,0.010245,,completed,0.577274,,,,,,0.02,train_target,ratio,18,18,18,18,,,,target_ratio,18,58,,18,0,,0.019845644983461964,0.0059504132231404955,,0.000000,0.135452,0.000000,,,experiments/logs/small_ratio_grid/acm_K_Center_HG_target_ratio_r0p02_seed0.json;experiments/logs/small_ratio_grid/acm_K_Center_HG_target_ratio_r0p02_seed1.json;experiments/logs/small_ratio_grid/acm_K_Center_HG_target_ratio_r0p02_seed2.json
acm,K-Center-HG,64,raw,,,0.002479,,completed,0.685867,,,,,,0.02,train_target,ratio,58,58,58,58,,,,total_condensed_nodes,58,58,,58,0,,0.0639470782800441,0.019173553719008266,,0.000000,0.152949,0.000000,,,experiments/logs/small_ratio_grid/acm_K_Center_HG_total_condensed_nodes_r0p02_seed0.json;experiments/logs/small_ratio_grid/acm_K_Center_HG_total_condensed_nodes_r0p02_seed1.json;experiments/logs/small_ratio_grid/acm_K_Center_HG_total_condensed_nodes_r0p02_seed2.json
acm,K-Center-HG,64,raw,,,0.000000,,completed,0.749292,,,,,,0.05,train_target,ratio,110,110,110,110,,,,total_condensed_nodes,110,110,,110,0,,0.12127894156560089,0.03636363636363636,,0.000000,0.183263,0.000000,,,experiments/logs/small_ratio_grid/acm_K_Center_HG_total_condensed_nodes_r0p05_seed2.json
acm,K-Center-HG,64,raw,,,0.009915,,completed,0.755902,,,,,,0.05,train_target,ratio,114,114,114,114,,,,total_condensed_nodes,114,114,,114,0,,0.1256890848952591,0.03768595041322314,,0.000000,0.158153,0.000000,,,experiments/logs/small_ratio_grid/acm_K_Center_HG_total_condensed_nodes_r0p05_seed0.json;experiments/logs/small_ratio_grid/acm_K_Center_HG_total_condensed_nodes_r0p05_seed1.json
acm,K-Center-HG,64,raw,,,0.000000,,completed,0.679887,,,,,,0.05,train_target,ratio,43,43,43,43,,,,target_ratio,43,110,,43,0,,0.047409040793825796,0.014214876033057851,,0.000000,0.140355,0.000000,,,experiments/logs/small_ratio_grid/acm_K_Center_HG_target_ratio_r0p05_seed2.json
acm,K-Center-HG,64,raw,,,0.005194,,completed,0.675166,,,,,,0.05,train_target,ratio,45,45,45,45,,,,target_ratio,45,114,,45,0,,0.04961411245865491,0.01487603305785124,,0.000000,0.136682,0.000000,,,experiments/logs/small_ratio_grid/acm_K_Center_HG_target_ratio_r0p05_seed0.json;experiments/logs/small_ratio_grid/acm_K_Center_HG_target_ratio_r0p05_seed1.json
acm,Random-HG,64,raw,,,0.019248,,completed,0.579792,,,,,,0.005,train_target,ratio,12,12,12,12,,,,target_ratio,12,52,,12,0,,0.013230429988974642,0.003966942148760331,,0.000000,0.136049,0.000000,,,experiments/logs/small_ratio_grid/acm_Random_HG_target_ratio_r0p005_seed0.json;experiments/logs/small_ratio_grid/acm_Random_HG_target_ratio_r0p005_seed1.json;experiments/logs/small_ratio_grid/acm_Random_HG_target_ratio_r0p005_seed2.json
acm,Random-HG,64,raw,,,0.029705,,completed,0.699874,,,,,,0.005,train_target,ratio,52,52,52,52,,,,total_condensed_nodes,52,52,,52,0,,0.05733186328555678,0.0171900826446281,,0.000000,0.141211,0.000000,,,experiments/logs/small_ratio_grid/acm_Random_HG_total_condensed_nodes_r0p005_seed0.json;experiments/logs/small_ratio_grid/acm_Random_HG_total_condensed_nodes_r0p005_seed1.json;experiments/logs/small_ratio_grid/acm_Random_HG_total_condensed_nodes_r0p005_seed2.json
acm,Random-HG,64,raw,,,0.019248,,completed,0.579792,,,,,,0.01,train_target,ratio,12,12,12,12,,,,target_ratio,12,52,,12,0,,0.013230429988974642,0.003966942148760331,,0.000000,0.132271,0.000000,,,experiments/logs/small_ratio_grid/acm_Random_HG_target_ratio_r0p01_seed0.json;experiments/logs/small_ratio_grid/acm_Random_HG_target_ratio_r0p01_seed1.json;experiments/logs/small_ratio_grid/acm_Random_HG_target_ratio_r0p01_seed2.json
acm,Random-HG,64,raw,,,0.029705,,completed,0.699874,,,,,,0.01,train_target,ratio,52,52,52,52,,,,total_condensed_nodes,52,52,,52,0,,0.05733186328555678,0.0171900826446281,,0.000000,0.142711,0.000000,,,experiments/logs/small_ratio_grid/acm_Random_HG_total_condensed_nodes_r0p01_seed0.json;experiments/logs/small_ratio_grid/acm_Random_HG_total_condensed_nodes_r0p01_seed1.json;experiments/logs/small_ratio_grid/acm_Random_HG_total_condensed_nodes_r0p01_seed2.json
acm,Random-HG,64,raw,,,0.022359,,completed,0.622757,,,,,,0.02,train_target,ratio,18,18,18,18,,,,target_ratio,18,58,,18,0,,0.019845644983461964,0.0059504132231404955,,0.000000,0.134338,0.000000,,,experiments/logs/small_ratio_grid/acm_Random_HG_target_ratio_r0p02_seed0.json;experiments/logs/small_ratio_grid/acm_Random_HG_target_ratio_r0p02_seed1.json;experiments/logs/small_ratio_grid/acm_Random_HG_target_ratio_r0p02_seed2.json
acm,Random-HG,64,raw,,,0.028725,,completed,0.716399,,,,,,0.02,train_target,ratio,58,58,58,58,,,,total_condensed_nodes,58,58,,58,0,,0.0639470782800441,0.019173553719008266,,0.000000,0.142979,0.000000,,,experiments/logs/small_ratio_grid/acm_Random_HG_total_condensed_nodes_r0p02_seed0.json;experiments/logs/small_ratio_grid/acm_Random_HG_total_condensed_nodes_r0p02_seed1.json;experiments/logs/small_ratio_grid/acm_Random_HG_total_condensed_nodes_r0p02_seed2.json
acm,Random-HG,64,raw,,,0.000000,,completed,0.742210,,,,,,0.05,train_target,ratio,110,110,110,110,,,,total_condensed_nodes,110,110,,110,0,,0.12127894156560089,0.03636363636363636,,0.000000,0.162450,0.000000,,,experiments/logs/small_ratio_grid/acm_Random_HG_total_condensed_nodes_r0p05_seed2.json
acm,Random-HG,64,raw,,,0.021483,,completed,0.765108,,,,,,0.05,train_target,ratio,114,114,114,114,,,,total_condensed_nodes,114,114,,114,0,,0.1256890848952591,0.03768595041322314,,0.000000,0.162364,0.000000,,,experiments/logs/small_ratio_grid/acm_Random_HG_total_condensed_nodes_r0p05_seed0.json;experiments/logs/small_ratio_grid/acm_Random_HG_total_condensed_nodes_r0p05_seed1.json
acm,Random-HG,64,raw,,,0.000000,,completed,0.654391,,,,,,0.05,train_target,ratio,43,43,43,43,,,,target_ratio,43,110,,43,0,,0.047409040793825796,0.014214876033057851,,0.000000,0.139103,0.000000,,,experiments/logs/small_ratio_grid/acm_Random_HG_target_ratio_r0p05_seed2.json
acm,Random-HG,64,raw,,,0.010859,,completed,0.702549,,,,,,0.05,train_target,ratio,45,45,45,45,,,,target_ratio,45,114,,45,0,,0.04961411245865491,0.01487603305785124,,0.000000,0.141386,0.000000,,,experiments/logs/small_ratio_grid/acm_Random_HG_target_ratio_r0p05_seed0.json;experiments/logs/small_ratio_grid/acm_Random_HG_target_ratio_r0p05_seed1.json
acm,Self-Only-MLP,64,raw,clipped,relation_mlp,0.012569,0.014355,completed,0.784230,0.781637,,,,1.000000,0.005,train_target,ratio,12,12,12,12,907,3,4,,,,0,12,0,0.013230429988974642,0.013230429988974642,0.003966942148760331,3,1.393542,2.829287,0.039053,23.386182,0.000000,experiments/logs/small_ratio_grid/acm_Self-Only-MLP_r0p005_seed0.json;experiments/logs/small_ratio_grid/acm_Self-Only-MLP_r0p005_seed1.json;experiments/logs/small_ratio_grid/acm_Self-Only-MLP_r0p005_seed2.json
acm,Self-Only-MLP,64,raw,clipped,relation_mlp,0.012569,0.014355,completed,0.784230,0.781637,,,,1.000000,0.01,train_target,ratio,12,12,12,12,907,3,4,,,,0,12,0,0.013230429988974642,0.013230429988974642,0.003966942148760331,3,1.370961,2.767923,0.037421,23.403221,0.000000,experiments/logs/small_ratio_grid/acm_Self-Only-MLP_r0p01_seed0.json;experiments/logs/small_ratio_grid/acm_Self-Only-MLP_r0p01_seed1.json;experiments/logs/small_ratio_grid/acm_Self-Only-MLP_r0p01_seed2.json
acm,Self-Only-MLP,64,raw,clipped,relation_mlp,0.047423,0.054362,completed,0.788480,0.783207,,,,1.000000,0.02,train_target,ratio,18,18,18,18,907,3,4,,,,0,18,0,0.019845644983461964,0.019845644983461964,0.0059504132231404955,3,1.645888,2.837502,0.037785,23.404720,0.000000,experiments/logs/small_ratio_grid/acm_Self-Only-MLP_r0p02_seed0.json;experiments/logs/small_ratio_grid/acm_Self-Only-MLP_r0p02_seed1.json;experiments/logs/small_ratio_grid/acm_Self-Only-MLP_r0p02_seed2.json
acm,Self-Only-MLP,64,raw,clipped,relation_mlp,0.002345,0.003697,completed,0.761568,0.759893,,,,1.000000,0.05,train_target,ratio,45,45,45,45,907,3,4,,,,0,45,0,0.04961411245865491,0.04961411245865491,0.01487603305785124,3,2.477099,3.247708,0.037983,23.406952,0.000000,experiments/logs/small_ratio_grid/acm_Self-Only-MLP_r0p05_seed0.json;experiments/logs/small_ratio_grid/acm_Self-Only-MLP_r0p05_seed1.json;experiments/logs/small_ratio_grid/acm_Self-Only-MLP_r0p05_seed2.json
acm,Shadow-HGC-R-1,64,raw,clipped,relation_linear,0.137437,0.156505,completed,0.601353,0.568022,0.353897,1.000000,0.285568,1.000000,0.005,train_target,ratio,12,12,12,12,907,3,4,,,,40,52,100,0.013230429988974642,0.05733186328555678,0.0171900826446281,3,2.929100,0.533426,0.010541,22.032142,0.000000,experiments/logs/small_ratio_grid/acm_r0p005_seed0.json;experiments/logs/small_ratio_grid/acm_r0p005_seed1.json;experiments/logs/small_ratio_grid/acm_r0p005_seed2.json
acm,Shadow-HGC-R-1,64,raw,clipped,relation_linear,0.137437,0.156505,completed,0.601353,0.568022,0.353897,1.000000,0.285568,1.000000,0.01,train_target,ratio,12,12,12,12,907,3,4,,,,40,52,100,0.013230429988974642,0.05733186328555678,0.0171900826446281,3,1.794209,0.531236,0.010103,23.414092,0.000000,experiments/logs/small_ratio_grid/acm_r0p01_seed0.json;experiments/logs/small_ratio_grid/acm_r0p01_seed1.json;experiments/logs/small_ratio_grid/acm_r0p01_seed2.json
acm,Shadow-HGC-R-1,64,raw,clipped,relation_linear,0.076505,0.071256,completed,0.630941,0.586062,0.366224,1.000000,0.315281,1.000000,0.02,train_target,ratio,18,18,18,18,907,3,4,,,,40,58,147,0.019845644983461964,0.0639470782800441,0.019173553719008266,3,2.116683,0.536612,0.009933,23.425061,0.000000,experiments/logs/small_ratio_grid/acm_r0p02_seed0.json;experiments/logs/small_ratio_grid/acm_r0p02_seed1.json;experiments/logs/small_ratio_grid/acm_r0p02_seed2.json
acm,Shadow-HGC-R-1,64,raw,clipped,relation_linear,0.103260,0.132814,completed,0.767233,0.748997,0.351546,0.999999,0.407564,1.000000,0.05,train_target,ratio,45,45,45,45,907,3,4,,,,69,114,341,0.04961411245865491,0.1256890848952591,0.03768595041322314,3,2.894038,0.563915,0.009961,23.427060,0.000000,experiments/logs/small_ratio_grid/acm_r0p05_seed0.json;experiments/logs/small_ratio_grid/acm_r0p05_seed1.json;experiments/logs/small_ratio_grid/acm_r0p05_seed2.json
dblp,Full-WRL-GNN,64,raw,clipped,relation_linear,0.001418,0.001466,completed,0.810681,0.802076,,,,,,,count,,,,,,4,,,,,,,,,,,4,,31.097853,,,,experiments/logs/small_ratio_grid/dblp_Full-WRL-GNN_seed0.json;experiments/logs/small_ratio_grid/dblp_Full-WRL-GNN_seed1.json;experiments/logs/small_ratio_grid/dblp_Full-WRL-GNN_seed2.json
dblp,Herding-HG,64,raw,,,0.015431,,completed,0.395422,,,,,,0.005,train_target,ratio,16,16,16,16,,,,target_ratio,16,32,,16,0,,0.01314708299096138,0.003943800838057678,,0.000000,0.150932,0.000000,,,experiments/logs/small_ratio_grid/dblp_Herding_HG_target_ratio_r0p005_seed0.json;experiments/logs/small_ratio_grid/dblp_Herding_HG_target_ratio_r0p005_seed1.json;experiments/logs/small_ratio_grid/dblp_Herding_HG_target_ratio_r0p005_seed2.json
dblp,Herding-HG,64,raw,,,0.004235,,completed,0.505634,,,,,,0.005,train_target,ratio,32,32,32,32,,,,total_condensed_nodes,32,32,,32,0,,0.02629416598192276,0.007887601676115356,,0.000000,0.151919,0.000000,,,experiments/logs/small_ratio_grid/dblp_Herding_HG_total_condensed_nodes_r0p005_seed0.json;experiments/logs/small_ratio_grid/dblp_Herding_HG_total_condensed_nodes_r0p005_seed1.json;experiments/logs/small_ratio_grid/dblp_Herding_HG_total_condensed_nodes_r0p005_seed2.json
dblp,Herding-HG,64,raw,,,0.015431,,completed,0.395422,,,,,,0.01,train_target,ratio,16,16,16,16,,,,target_ratio,16,32,,16,0,,0.01314708299096138,0.003943800838057678,,0.000000,0.146709,0.000000,,,experiments/logs/small_ratio_grid/dblp_Herding_HG_target_ratio_r0p01_seed0.json;experiments/logs/small_ratio_grid/dblp_Herding_HG_target_ratio_r0p01_seed1.json;experiments/logs/small_ratio_grid/dblp_Herding_HG_target_ratio_r0p01_seed2.json
dblp,Herding-HG,64,raw,,,0.004235,,completed,0.505634,,,,,,0.01,train_target,ratio,32,32,32,32,,,,total_condensed_nodes,32,32,,32,0,,0.02629416598192276,0.007887601676115356,,0.000000,0.170498,0.000000,,,experiments/logs/small_ratio_grid/dblp_Herding_HG_total_condensed_nodes_r0p01_seed0.json;experiments/logs/small_ratio_grid/dblp_Herding_HG_total_condensed_nodes_r0p01_seed1.json;experiments/logs/small_ratio_grid/dblp_Herding_HG_total_condensed_nodes_r0p01_seed2.json
dblp,Herding-HG,64,raw,,,0.004865,,completed,0.484742,,,,,,0.02,train_target,ratio,24,24,24,24,,,,target_ratio,24,48,,24,0,,0.01972062448644207,0.005915701257086517,,0.000000,0.176544,0.000000,,,experiments/logs/small_ratio_grid/dblp_Herding_HG_target_ratio_r0p02_seed0.json;experiments/logs/small_ratio_grid/dblp_Herding_HG_target_ratio_r0p02_seed1.json;experiments/logs/small_ratio_grid/dblp_Herding_HG_target_ratio_r0p02_seed2.json
dblp,Herding-HG,64,raw,,,0.006392,,completed,0.492371,,,,,,0.02,train_target,ratio,48,48,48,48,,,,total_condensed_nodes,48,48,,48,0,,0.03944124897288414,0.011831402514173034,,0.000000,0.164144,0.000000,,,experiments/logs/small_ratio_grid/dblp_Herding_HG_total_condensed_nodes_r0p02_seed0.json;experiments/logs/small_ratio_grid/dblp_Herding_HG_total_condensed_nodes_r0p02_seed1.json;experiments/logs/small_ratio_grid/dblp_Herding_HG_total_condensed_nodes_r0p02_seed2.json
dblp,Herding-HG,64,raw,,,0.003829,,completed,0.603756,,,,,,0.05,train_target,ratio,122,122,122,122,,,,total_condensed_nodes,122,122,,122,0,,0.10024650780608052,0.030071481390189794,,0.000000,0.169681,0.000000,,,experiments/logs/small_ratio_grid/dblp_Herding_HG_total_condensed_nodes_r0p05_seed0.json;experiments/logs/small_ratio_grid/dblp_Herding_HG_total_condensed_nodes_r0p05_seed1.json;experiments/logs/small_ratio_grid/dblp_Herding_HG_total_condensed_nodes_r0p05_seed2.json
dblp,Herding-HG,64,raw,,,0.001583,,completed,0.587911,,,,,,0.05,train_target,ratio,61,61,61,61,,,,target_ratio,61,122,,61,0,,0.05012325390304026,0.015035740695094897,,0.000000,0.150479,0.000000,,,experiments/logs/small_ratio_grid/dblp_Herding_HG_target_ratio_r0p05_seed0.json;experiments/logs/small_ratio_grid/dblp_Herding_HG_target_ratio_r0p05_seed1.json;experiments/logs/small_ratio_grid/dblp_Herding_HG_target_ratio_r0p05_seed2.json
dblp,K-Center-HG,64,raw,,,0.003924,,completed,0.518192,,,,,,0.005,train_target,ratio,16,16,16,16,,,,target_ratio,16,32,,16,0,,0.01314708299096138,0.003943800838057678,,0.000000,0.155277,0.000000,,,experiments/logs/small_ratio_grid/dblp_K_Center_HG_target_ratio_r0p005_seed0.json;experiments/logs/small_ratio_grid/dblp_K_Center_HG_target_ratio_r0p005_seed1.json;experiments/logs/small_ratio_grid/dblp_K_Center_HG_target_ratio_r0p005_seed2.json
dblp,K-Center-HG,64,raw,,,0.010290,,completed,0.586972,,,,,,0.005,train_target,ratio,32,32,32,32,,,,total_condensed_nodes,32,32,,32,0,,0.02629416598192276,0.007887601676115356,,0.000000,0.133052,0.000000,,,experiments/logs/small_ratio_grid/dblp_K_Center_HG_total_condensed_nodes_r0p005_seed0.json;experiments/logs/small_ratio_grid/dblp_K_Center_HG_total_condensed_nodes_r0p005_seed1.json;experiments/logs/small_ratio_grid/dblp_K_Center_HG_total_condensed_nodes_r0p005_seed2.json
dblp,K-Center-HG,64,raw,,,0.003924,,completed,0.518192,,,,,,0.01,train_target,ratio,16,16,16,16,,,,target_ratio,16,32,,16,0,,0.01314708299096138,0.003943800838057678,,0.000000,0.139145,0.000000,,,experiments/logs/small_ratio_grid/dblp_K_Center_HG_target_ratio_r0p01_seed0.json;experiments/logs/small_ratio_grid/dblp_K_Center_HG_target_ratio_r0p01_seed1.json;experiments/logs/small_ratio_grid/dblp_K_Center_HG_target_ratio_r0p01_seed2.json
dblp,K-Center-HG,64,raw,,,0.010290,,completed,0.586972,,,,,,0.01,train_target,ratio,32,32,32,32,,,,total_condensed_nodes,32,32,,32,0,,0.02629416598192276,0.007887601676115356,,0.000000,1.114883,0.000000,,,experiments/logs/small_ratio_grid/dblp_K_Center_HG_total_condensed_nodes_r0p01_seed0.json;experiments/logs/small_ratio_grid/dblp_K_Center_HG_total_condensed_nodes_r0p01_seed1.json;experiments/logs/small_ratio_grid/dblp_K_Center_HG_total_condensed_nodes_r0p01_seed2.json
dblp,K-Center-HG,64,raw,,,0.004363,,completed,0.554695,,,,,,0.02,train_target,ratio,24,24,24,24,,,,target_ratio,24,48,,24,0,,0.01972062448644207,0.005915701257086517,,0.000000,1.064707,0.000000,,,experiments/logs/small_ratio_grid/dblp_K_Center_HG_target_ratio_r0p02_seed0.json;experiments/logs/small_ratio_grid/dblp_K_Center_HG_target_ratio_r0p02_seed1.json;experiments/logs/small_ratio_grid/dblp_K_Center_HG_target_ratio_r0p02_seed2.json
dblp,K-Center-HG,64,raw,,,0.013596,,completed,0.629343,,,,,,0.02,train_target,ratio,48,48,48,48,,,,total_condensed_nodes,48,48,,48,0,,0.03944124897288414,0.011831402514173034,,0.000000,0.170685,0.000000,,,experiments/logs/small_ratio_grid/dblp_K_Center_HG_total_condensed_nodes_r0p02_seed0.json;experiments/logs/small_ratio_grid/dblp_K_Center_HG_total_condensed_nodes_r0p02_seed1.json;experiments/logs/small_ratio_grid/dblp_K_Center_HG_total_condensed_nodes_r0p02_seed2.json
dblp,K-Center-HG,64,raw,,,0.016635,,completed,0.689084,,,,,,0.05,train_target,ratio,122,122,122,122,,,,total_condensed_nodes,122,122,,122,0,,0.10024650780608052,0.030071481390189794,,0.000000,0.168783,0.000000,,,experiments/logs/small_ratio_grid/dblp_K_Center_HG_total_condensed_nodes_r0p05_seed0.json;experiments/logs/small_ratio_grid/dblp_K_Center_HG_total_condensed_nodes_r0p05_seed1.json;experiments/logs/small_ratio_grid/dblp_K_Center_HG_total_condensed_nodes_r0p05_seed2.json
dblp,K-Center-HG,64,raw,,,0.017509,,completed,0.653521,,,,,,0.05,train_target,ratio,61,61,61,61,,,,target_ratio,61,122,,61,0,,0.05012325390304026,0.015035740695094897,,0.000000,0.150820,0.000000,,,experiments/logs/small_ratio_grid/dblp_K_Center_HG_target_ratio_r0p05_seed0.json;experiments/logs/small_ratio_grid/dblp_K_Center_HG_target_ratio_r0p05_seed1.json;experiments/logs/small_ratio_grid/dblp_K_Center_HG_target_ratio_r0p05_seed2.json
dblp,Random-HG,64,raw,,,0.027114,,completed,0.471362,,,,,,0.005,train_target,ratio,16,16,16,16,,,,target_ratio,16,32,,16,0,,0.01314708299096138,0.003943800838057678,,0.000000,0.165033,0.000000,,,experiments/logs/small_ratio_grid/dblp_Random_HG_target_ratio_r0p005_seed0.json;experiments/logs/small_ratio_grid/dblp_Random_HG_target_ratio_r0p005_seed1.json;experiments/logs/small_ratio_grid/dblp_Random_HG_target_ratio_r0p005_seed2.json
dblp,Random-HG,64,raw,,,0.013242,,completed,0.535798,,,,,,0.005,train_target,ratio,32,32,32,32,,,,total_condensed_nodes,32,32,,32,0,,0.02629416598192276,0.007887601676115356,,0.000000,0.151829,0.000000,,,experiments/logs/small_ratio_grid/dblp_Random_HG_total_condensed_nodes_r0p005_seed0.json;experiments/logs/small_ratio_grid/dblp_Random_HG_total_condensed_nodes_r0p005_seed1.json;experiments/logs/small_ratio_grid/dblp_Random_HG_total_condensed_nodes_r0p005_seed2.json
dblp,Random-HG,64,raw,,,0.027114,,completed,0.471362,,,,,,0.01,train_target,ratio,16,16,16,16,,,,target_ratio,16,32,,16,0,,0.01314708299096138,0.003943800838057678,,0.000000,0.155536,0.000000,,,experiments/logs/small_ratio_grid/dblp_Random_HG_target_ratio_r0p01_seed0.json;experiments/logs/small_ratio_grid/dblp_Random_HG_target_ratio_r0p01_seed1.json;experiments/logs/small_ratio_grid/dblp_Random_HG_target_ratio_r0p01_seed2.json
dblp,Random-HG,64,raw,,,0.013242,,completed,0.535798,,,,,,0.01,train_target,ratio,32,32,32,32,,,,total_condensed_nodes,32,32,,32,0,,0.02629416598192276,0.007887601676115356,,0.000000,1.276410,0.000000,,,experiments/logs/small_ratio_grid/dblp_Random_HG_total_condensed_nodes_r0p01_seed0.json;experiments/logs/small_ratio_grid/dblp_Random_HG_total_condensed_nodes_r0p01_seed1.json;experiments/logs/small_ratio_grid/dblp_Random_HG_total_condensed_nodes_r0p01_seed2.json
dblp,Random-HG,64,raw,,,0.030910,,completed,0.513380,,,,,,0.02,train_target,ratio,24,24,24,24,,,,target_ratio,24,48,,24,0,,0.01972062448644207,0.005915701257086517,,0.000000,1.246104,0.000000,,,experiments/logs/small_ratio_grid/dblp_Random_HG_target_ratio_r0p02_seed0.json;experiments/logs/small_ratio_grid/dblp_Random_HG_target_ratio_r0p02_seed1.json;experiments/logs/small_ratio_grid/dblp_Random_HG_target_ratio_r0p02_seed2.json
dblp,Random-HG,64,raw,,,0.014112,,completed,0.544836,,,,,,0.02,train_target,ratio,48,48,48,48,,,,total_condensed_nodes,48,48,,48,0,,0.03944124897288414,0.011831402514173034,,0.000000,0.171682,0.000000,,,experiments/logs/small_ratio_grid/dblp_Random_HG_total_condensed_nodes_r0p02_seed0.json;experiments/logs/small_ratio_grid/dblp_Random_HG_total_condensed_nodes_r0p02_seed1.json;experiments/logs/small_ratio_grid/dblp_Random_HG_total_condensed_nodes_r0p02_seed2.json
dblp,Random-HG,64,raw,,,0.015488,,completed,0.603756,,,,,,0.05,train_target,ratio,122,122,122,122,,,,total_condensed_nodes,122,122,,122,0,,0.10024650780608052,0.030071481390189794,,0.000000,1.324299,0.000000,,,experiments/logs/small_ratio_grid/dblp_Random_HG_total_condensed_nodes_r0p05_seed0.json;experiments/logs/small_ratio_grid/dblp_Random_HG_total_condensed_nodes_r0p05_seed1.json;experiments/logs/small_ratio_grid/dblp_Random_HG_total_condensed_nodes_r0p05_seed2.json
dblp,Random-HG,64,raw,,,0.007896,,completed,0.550939,,,,,,0.05,train_target,ratio,61,61,61,61,,,,target_ratio,61,122,,61,0,,0.05012325390304026,0.015035740695094897,,0.000000,0.161902,0.000000,,,experiments/logs/small_ratio_grid/dblp_Random_HG_target_ratio_r0p05_seed0.json;experiments/logs/small_ratio_grid/dblp_Random_HG_target_ratio_r0p05_seed1.json;experiments/logs/small_ratio_grid/dblp_Random_HG_target_ratio_r0p05_seed2.json
dblp,Self-Only-MLP,64,raw,clipped,relation_mlp,0.011961,0.006635,completed,0.698944,0.687200,,,,1.000000,0.005,train_target,ratio,16,16,16,16,1217,4,4,,,,0,16,0,0.01314708299096138,0.01314708299096138,0.003943800838057678,4,1.050423,2.812510,0.004584,20.659683,0.000000,experiments/logs/small_ratio_grid/dblp_Self-Only-MLP_r0p005_seed0.json;experiments/logs/small_ratio_grid/dblp_Self-Only-MLP_r0p005_seed1.json;experiments/logs/small_ratio_grid/dblp_Self-Only-MLP_r0p005_seed2.json
dblp,Self-Only-MLP,64,raw,clipped,relation_mlp,0.011961,0.006635,completed,0.698944,0.687200,,,,1.000000,0.01,train_target,ratio,16,16,16,16,1217,4,4,,,,0,16,0,0.01314708299096138,0.01314708299096138,0.003943800838057678,4,3.668972,1.743158,0.004475,20.659999,0.000000,experiments/logs/small_ratio_grid/dblp_Self-Only-MLP_r0p01_seed0.json;experiments/logs/small_ratio_grid/dblp_Self-Only-MLP_r0p01_seed1.json;experiments/logs/small_ratio_grid/dblp_Self-Only-MLP_r0p01_seed2.json
dblp,Self-Only-MLP,64,raw,clipped,relation_mlp,0.007875,0.010462,completed,0.708568,0.697153,,,,1.000000,0.02,train_target,ratio,24,24,24,24,1217,4,4,,,,0,24,0,0.01972062448644207,0.01972062448644207,0.005915701257086517,4,2.903480,0.476377,0.004264,20.660552,0.000000,experiments/logs/small_ratio_grid/dblp_Self-Only-MLP_r0p02_seed0.json;experiments/logs/small_ratio_grid/dblp_Self-Only-MLP_r0p02_seed1.json;experiments/logs/small_ratio_grid/dblp_Self-Only-MLP_r0p02_seed2.json
dblp,Self-Only-MLP,64,raw,clipped,relation_mlp,0.024943,0.025124,completed,0.682394,0.676014,,,,1.000000,0.05,train_target,ratio,61,61,61,61,1217,4,4,,,,0,61,0,0.05012325390304026,0.05012325390304026,0.015035740695094897,4,4.329052,1.834447,0.004591,20.662522,0.000000,experiments/logs/small_ratio_grid/dblp_Self-Only-MLP_r0p05_seed0.json;experiments/logs/small_ratio_grid/dblp_Self-Only-MLP_r0p05_seed1.json;experiments/logs/small_ratio_grid/dblp_Self-Only-MLP_r0p05_seed2.json
dblp,Shadow-HGC-R-1,64,raw,clipped,relation_linear,0.002012,0.002012,completed,0.826408,0.818514,0.000000,1.000000,0.023738,1.000000,0.005,train_target,ratio,16,16,16,16,1217,4,4,,,,16,32,16,0.01314708299096138,0.02629416598192276,0.007887601676115356,4,4.744953,0.426079,0.022926,20.656161,0.000000,experiments/logs/small_ratio_grid/dblp_r0p005_seed0.json;experiments/logs/small_ratio_grid/dblp_r0p005_seed1.json;experiments/logs/small_ratio_grid/dblp_r0p005_seed2.json
dblp,Shadow-HGC-R-1,64,raw,clipped,relation_linear,0.002012,0.002012,completed,0.826408,0.818514,0.000000,1.000000,0.023738,1.000000,0.01,train_target,ratio,16,16,16,16,1217,4,4,,,,16,32,16,0.01314708299096138,0.02629416598192276,0.007887601676115356,4,1.460629,0.318837,0.021265,20.649300,0.000000,experiments/logs/small_ratio_grid/dblp_r0p01_seed0.json;experiments/logs/small_ratio_grid/dblp_r0p01_seed1.json;experiments/logs/small_ratio_grid/dblp_r0p01_seed2.json
dblp,Shadow-HGC-R-1,64,raw,clipped,relation_linear,0.004025,0.004151,completed,0.825704,0.817920,0.000000,1.000000,0.020208,1.000000,0.02,train_target,ratio,24,24,24,24,1217,4,4,,,,24,48,24,0.01972062448644207,0.03944124897288414,0.011831402514173034,4,2.746720,1.443637,0.022308,20.649628,0.000000,experiments/logs/small_ratio_grid/dblp_r0p02_seed0.json;experiments/logs/small_ratio_grid/dblp_r0p02_seed1.json;experiments/logs/small_ratio_grid/dblp_r0p02_seed2.json
dblp,Shadow-HGC-R-1,64,raw,clipped,relation_linear,0.001253,0.001183,completed,0.826056,0.818393,0.000000,1.000000,0.061600,1.000000,0.05,train_target,ratio,61,61,61,61,1217,4,4,,,,61,122,61,0.05012325390304026,0.10024650780608052,0.030071481390189794,4,3.280485,0.375853,0.020694,20.658754,0.000000,experiments/logs/small_ratio_grid/dblp_r0p05_seed0.json;experiments/logs/small_ratio_grid/dblp_r0p05_seed1.json;experiments/logs/small_ratio_grid/dblp_r0p05_seed2.json
imdb,Full-WRL-GNN,64,raw,clipped,relation_linear,0.003006,0.002993,completed,0.335103,0.308643,,,,,,,count,,,,,,5,,,,,,,,,,,5,,30.666178,,,,experiments/logs/small_ratio_grid/imdb_Full-WRL-GNN_seed0.json;experiments/logs/small_ratio_grid/imdb_Full-WRL-GNN_seed1.json;experiments/logs/small_ratio_grid/imdb_Full-WRL-GNN_seed2.json
imdb,Herding-HG,64,raw,,,0.001031,,completed,0.180929,,,,,,0.005,train_target,ratio,20,20,20,20,,,,target_ratio,20,44,,20,0,,0.014587892049598834,0.0040551500405515,,0.000000,0.196251,0.000000,,,experiments/logs/small_ratio_grid/imdb_Herding_HG_target_ratio_r0p005_seed0.json;experiments/logs/small_ratio_grid/imdb_Herding_HG_target_ratio_r0p005_seed1.json;experiments/logs/small_ratio_grid/imdb_Herding_HG_target_ratio_r0p005_seed2.json
imdb,Herding-HG,64,raw,,,0.000674,,completed,0.186758,,,,,,0.005,train_target,ratio,44,44,44,44,,,,total_condensed_nodes,44,44,,44,0,,0.032093362509117436,0.008921330089213302,,0.000000,0.176609,0.000000,,,experiments/logs/small_ratio_grid/imdb_Herding_HG_total_condensed_nodes_r0p005_seed0.json;experiments/logs/small_ratio_grid/imdb_Herding_HG_total_condensed_nodes_r0p005_seed1.json;experiments/logs/small_ratio_grid/imdb_Herding_HG_total_condensed_nodes_r0p005_seed2.json
imdb,Herding-HG,64,raw,,,0.001031,,completed,0.180929,,,,,,0.01,train_target,ratio,20,20,20,20,,,,target_ratio,20,44,,20,0,,0.014587892049598834,0.0040551500405515,,0.000000,0.228899,0.000000,,,experiments/logs/small_ratio_grid/imdb_Herding_HG_target_ratio_r0p01_seed0.json;experiments/logs/small_ratio_grid/imdb_Herding_HG_target_ratio_r0p01_seed1.json;experiments/logs/small_ratio_grid/imdb_Herding_HG_target_ratio_r0p01_seed2.json
imdb,Herding-HG,64,raw,,,0.000674,,completed,0.186758,,,,,,0.01,train_target,ratio,44,44,44,44,,,,total_condensed_nodes,44,44,,44,0,,0.032093362509117436,0.008921330089213302,,0.000000,0.194560,0.000000,,,experiments/logs/small_ratio_grid/imdb_Herding_HG_total_condensed_nodes_r0p01_seed0.json;experiments/logs/small_ratio_grid/imdb_Herding_HG_total_condensed_nodes_r0p01_seed1.json;experiments/logs/small_ratio_grid/imdb_Herding_HG_total_condensed_nodes_r0p01_seed2.json
imdb,Herding-HG,64,raw,,,0.001845,,completed,0.171560,,,,,,0.02,train_target,ratio,27,27,27,27,,,,target_ratio,27,54,,27,0,,0.019693654266958426,0.005474452554744526,,0.000000,0.231402,0.000000,,,experiments/logs/small_ratio_grid/imdb_Herding_HG_target_ratio_r0p02_seed0.json;experiments/logs/small_ratio_grid/imdb_Herding_HG_target_ratio_r0p02_seed1.json;experiments/logs/small_ratio_grid/imdb_Herding_HG_target_ratio_r0p02_seed2.json
imdb,Herding-HG,64,raw,,,0.002024,,completed,0.204560,,,,,,0.02,train_target,ratio,54,54,54,54,,,,total_condensed_nodes,54,54,,54,0,,0.03938730853391685,0.010948905109489052,,0.000000,0.227665,0.000000,,,experiments/logs/small_ratio_grid/imdb_Herding_HG_total_condensed_nodes_r0p02_seed0.json;experiments/logs/small_ratio_grid/imdb_Herding_HG_total_condensed_nodes_r0p02_seed1.json;experiments/logs/small_ratio_grid/imdb_Herding_HG_total_condensed_nodes_r0p02_seed2.json
imdb,Herding-HG,64,raw,,,0.000642,,completed,0.256506,,,,,,0.05,train_target,ratio,138,138,138,138,,,,total_condensed_nodes,138,138,,138,0,,0.10065645514223195,0.027980535279805353,,0.000000,0.269787,0.000000,,,experiments/logs/small_ratio_grid/imdb_Herding_HG_total_condensed_nodes_r0p05_seed0.json;experiments/logs/small_ratio_grid/imdb_Herding_HG_total_condensed_nodes_r0p05_seed1.json;experiments/logs/small_ratio_grid/imdb_Herding_HG_total_condensed_nodes_r0p05_seed2.json
imdb,Herding-HG,64,raw,,,0.001925,,completed,0.224235,,,,,,0.05,train_target,ratio,69,69,69,69,,,,target_ratio,69,138,,69,0,,0.05032822757111598,0.013990267639902677,,0.000000,0.224769,0.000000,,,experiments/logs/small_ratio_grid/imdb_Herding_HG_target_ratio_r0p05_seed0.json;experiments/logs/small_ratio_grid/imdb_Herding_HG_target_ratio_r0p05_seed1.json;experiments/logs/small_ratio_grid/imdb_Herding_HG_target_ratio_r0p05_seed2.json
imdb,K-Center-HG,64,raw,,,0.015614,,completed,0.247866,,,,,,0.005,train_target,ratio,20,20,20,20,,,,target_ratio,20,44,,20,0,,0.014587892049598834,0.0040551500405515,,0.000000,0.178815,0.000000,,,experiments/logs/small_ratio_grid/imdb_K_Center_HG_target_ratio_r0p005_seed0.json;experiments/logs/small_ratio_grid/imdb_K_Center_HG_target_ratio_r0p005_seed1.json;experiments/logs/small_ratio_grid/imdb_K_Center_HG_target_ratio_r0p005_seed2.json
imdb,K-Center-HG,64,raw,,,0.011585,,completed,0.265147,,,,,,0.005,train_target,ratio,44,44,44,44,,,,total_condensed_nodes,44,44,,44,0,,0.032093362509117436,0.008921330089213302,,0.000000,0.179676,0.000000,,,experiments/logs/small_ratio_grid/imdb_K_Center_HG_total_condensed_nodes_r0p005_seed0.json;experiments/logs/small_ratio_grid/imdb_K_Center_HG_total_condensed_nodes_r0p005_seed1.json;experiments/logs/small_ratio_grid/imdb_K_Center_HG_total_condensed_nodes_r0p005_seed2.json
imdb,K-Center-HG,64,raw,,,0.015614,,completed,0.247866,,,,,,0.01,train_target,ratio,20,20,20,20,,,,target_ratio,20,44,,20,0,,0.014587892049598834,0.0040551500405515,,0.000000,0.200207,0.000000,,,experiments/logs/small_ratio_grid/imdb_K_Center_HG_target_ratio_r0p01_seed0.json;experiments/logs/small_ratio_grid/imdb_K_Center_HG_target_ratio_r0p01_seed1.json;experiments/logs/small_ratio_grid/imdb_K_Center_HG_target_ratio_r0p01_seed2.json
imdb,K-Center-HG,64,raw,,,0.011585,,completed,0.265147,,,,,,0.01,train_target,ratio,44,44,44,44,,,,total_condensed_nodes,44,44,,44,0,,0.032093362509117436,0.008921330089213302,,0.000000,0.199207,0.000000,,,experiments/logs/small_ratio_grid/imdb_K_Center_HG_total_condensed_nodes_r0p01_seed0.json;experiments/logs/small_ratio_grid/imdb_K_Center_HG_total_condensed_nodes_r0p01_seed1.json;experiments/logs/small_ratio_grid/imdb_K_Center_HG_total_condensed_nodes_r0p01_seed2.json
imdb,K-Center-HG,64,raw,,,0.003431,,completed,0.263273,,,,,,0.02,train_target,ratio,27,27,27,27,,,,target_ratio,27,54,,27,0,,0.019693654266958426,0.005474452554744526,,0.000000,0.216637,0.000000,,,experiments/logs/small_ratio_grid/imdb_K_Center_HG_target_ratio_r0p02_seed0.json;experiments/logs/small_ratio_grid/imdb_K_Center_HG_target_ratio_r0p02_seed1.json;experiments/logs/small_ratio_grid/imdb_K_Center_HG_target_ratio_r0p02_seed2.json
imdb,K-Center-HG,64,raw,,,0.010843,,completed,0.275036,,,,,,0.02,train_target,ratio,54,54,54,54,,,,total_condensed_nodes,54,54,,54,0,,0.03938730853391685,0.010948905109489052,,0.000000,0.228383,0.000000,,,experiments/logs/small_ratio_grid/imdb_K_Center_HG_total_condensed_nodes_r0p02_seed0.json;experiments/logs/small_ratio_grid/imdb_K_Center_HG_total_condensed_nodes_r0p02_seed1.json;experiments/logs/small_ratio_grid/imdb_K_Center_HG_total_condensed_nodes_r0p02_seed2.json
imdb,K-Center-HG,64,raw,,,0.011139,,completed,0.303144,,,,,,0.05,train_target,ratio,138,138,138,138,,,,total_condensed_nodes,138,138,,138,0,,0.10065645514223195,0.027980535279805353,,0.000000,0.256400,0.000000,,,experiments/logs/small_ratio_grid/imdb_K_Center_HG_total_condensed_nodes_r0p05_seed0.json;experiments/logs/small_ratio_grid/imdb_K_Center_HG_total_condensed_nodes_r0p05_seed1.json;experiments/logs/small_ratio_grid/imdb_K_Center_HG_total_condensed_nodes_r0p05_seed2.json
imdb,K-Center-HG,64,raw,,,0.014716,,completed,0.271601,,,,,,0.05,train_target,ratio,69,69,69,69,,,,target_ratio,69,138,,69,0,,0.05032822757111598,0.013990267639902677,,0.000000,0.224244,0.000000,,,experiments/logs/small_ratio_grid/imdb_K_Center_HG_target_ratio_r0p05_seed0.json;experiments/logs/small_ratio_grid/imdb_K_Center_HG_target_ratio_r0p05_seed1.json;experiments/logs/small_ratio_grid/imdb_K_Center_HG_target_ratio_r0p05_seed2.json
imdb,Random-HG,64,raw,,,0.011063,,completed,0.255986,,,,,,0.005,train_target,ratio,20,20,20,20,,,,target_ratio,20,44,,20,0,,0.014587892049598834,0.0040551500405515,,0.000000,0.196152,0.000000,,,experiments/logs/small_ratio_grid/imdb_Random_HG_target_ratio_r0p005_seed0.json;experiments/logs/small_ratio_grid/imdb_Random_HG_target_ratio_r0p005_seed1.json;experiments/logs/small_ratio_grid/imdb_Random_HG_target_ratio_r0p005_seed2.json
imdb,Random-HG,64,raw,,,0.010534,,completed,0.292109,,,,,,0.005,train_target,ratio,44,44,44,44,,,,total_condensed_nodes,44,44,,44,0,,0.032093362509117436,0.008921330089213302,,0.000000,0.183070,0.000000,,,experiments/logs/small_ratio_grid/imdb_Random_HG_total_condensed_nodes_r0p005_seed0.json;experiments/logs/small_ratio_grid/imdb_Random_HG_total_condensed_nodes_r0p005_seed1.json;experiments/logs/small_ratio_grid/imdb_Random_HG_total_condensed_nodes_r0p005_seed2.json
imdb,Random-HG,64,raw,,,0.011063,,completed,0.255986,,,,,,0.01,train_target,ratio,20,20,20,20,,,,target_ratio,20,44,,20,0,,0.014587892049598834,0.0040551500405515,,0.000000,1.123825,0.000000,,,experiments/logs/small_ratio_grid/imdb_Random_HG_target_ratio_r0p01_seed0.json;experiments/logs/small_ratio_grid/imdb_Random_HG_target_ratio_r0p01_seed1.json;experiments/logs/small_ratio_grid/imdb_Random_HG_target_ratio_r0p01_seed2.json
imdb,Random-HG,64,raw,,,0.010534,,completed,0.292109,,,,,,0.01,train_target,ratio,44,44,44,44,,,,total_condensed_nodes,44,44,,44,0,,0.032093362509117436,0.008921330089213302,,0.000000,0.221340,0.000000,,,experiments/logs/small_ratio_grid/imdb_Random_HG_total_condensed_nodes_r0p01_seed0.json;experiments/logs/small_ratio_grid/imdb_Random_HG_total_condensed_nodes_r0p01_seed1.json;experiments/logs/small_ratio_grid/imdb_Random_HG_total_condensed_nodes_r0p01_seed2.json
imdb,Random-HG,64,raw,,,0.011180,,completed,0.275036,,,,,,0.02,train_target,ratio,27,27,27,27,,,,target_ratio,27,54,,27,0,,0.019693654266958426,0.005474452554744526,,0.000000,1.460181,0.000000,,,experiments/logs/small_ratio_grid/imdb_Random_HG_target_ratio_r0p02_seed0.json;experiments/logs/small_ratio_grid/imdb_Random_HG_target_ratio_r0p02_seed1.json;experiments/logs/small_ratio_grid/imdb_Random_HG_target_ratio_r0p02_seed2.json
imdb,Random-HG,64,raw,,,0.011591,,completed,0.294399,,,,,,0.02,train_target,ratio,54,54,54,54,,,,total_condensed_nodes,54,54,,54,0,,0.03938730853391685,0.010948905109489052,,0.000000,0.237175,0.000000,,,experiments/logs/small_ratio_grid/imdb_Random_HG_total_condensed_nodes_r0p02_seed0.json;experiments/logs/small_ratio_grid/imdb_Random_HG_total_condensed_nodes_r0p02_seed1.json;experiments/logs/small_ratio_grid/imdb_Random_HG_total_condensed_nodes_r0p02_seed2.json
imdb,Random-HG,64,raw,,,0.009624,,completed,0.293463,,,,,,0.05,train_target,ratio,138,138,138,138,,,,total_condensed_nodes,138,138,,138,0,,0.10065645514223195,0.027980535279805353,,0.000000,0.267516,0.000000,,,experiments/logs/small_ratio_grid/imdb_Random_HG_total_condensed_nodes_r0p05_seed0.json;experiments/logs/small_ratio_grid/imdb_Random_HG_total_condensed_nodes_r0p05_seed1.json;experiments/logs/small_ratio_grid/imdb_Random_HG_total_condensed_nodes_r0p05_seed2.json
imdb,Random-HG,64,raw,,,0.015988,,completed,0.291693,,,,,,0.05,train_target,ratio,69,69,69,69,,,,target_ratio,69,138,,69,0,,0.05032822757111598,0.013990267639902677,,0.000000,0.226887,0.000000,,,experiments/logs/small_ratio_grid/imdb_Random_HG_target_ratio_r0p05_seed0.json;experiments/logs/small_ratio_grid/imdb_Random_HG_target_ratio_r0p05_seed1.json;experiments/logs/small_ratio_grid/imdb_Random_HG_target_ratio_r0p05_seed2.json
imdb,Self-Only-MLP,64,raw,clipped,relation_mlp,0.011825,0.005281,completed,0.398605,0.373865,,,,1.000000,0.005,train_target,ratio,20,20,20,20,1371,5,4,,,,0,20,0,0.014587892049598834,0.014587892049598834,0.0040551500405515,5,2.219779,19.312079,0.180357,20.900028,0.000000,experiments/logs/small_ratio_grid/imdb_Self-Only-MLP_r0p005_seed0.json;experiments/logs/small_ratio_grid/imdb_Self-Only-MLP_r0p005_seed1.json;experiments/logs/small_ratio_grid/imdb_Self-Only-MLP_r0p005_seed2.json
imdb,Self-Only-MLP,64,raw,clipped,relation_mlp,0.011825,0.005281,completed,0.398605,0.373865,,,,1.000000,0.01,train_target,ratio,20,20,20,20,1371,5,4,,,,0,20,0,0.014587892049598834,0.014587892049598834,0.0040551500405515,5,3.225604,16.758345,0.201388,17.826939,0.000000,experiments/logs/small_ratio_grid/imdb_Self-Only-MLP_r0p01_seed0.json;experiments/logs/small_ratio_grid/imdb_Self-Only-MLP_r0p01_seed1.json;experiments/logs/small_ratio_grid/imdb_Self-Only-MLP_r0p01_seed2.json
imdb,Self-Only-MLP,64,raw,clipped,relation_mlp,0.014582,0.008065,completed,0.399542,0.369270,,,,1.000000,0.02,train_target,ratio,27,27,27,27,1371,5,4,,,,0,27,0,0.019693654266958426,0.019693654266958426,0.005474452554744526,5,3.481071,17.104856,0.186665,17.827131,0.000000,experiments/logs/small_ratio_grid/imdb_Self-Only-MLP_r0p02_seed0.json;experiments/logs/small_ratio_grid/imdb_Self-Only-MLP_r0p02_seed1.json;experiments/logs/small_ratio_grid/imdb_Self-Only-MLP_r0p02_seed2.json
imdb,Self-Only-MLP,64,raw,clipped,relation_mlp,0.008219,0.008840,completed,0.400687,0.359630,,,,1.000000,0.05,train_target,ratio,69,69,69,69,1371,5,4,,,,0,69,0,0.05032822757111598,0.05032822757111598,0.013990267639902677,5,6.592661,17.700144,0.181937,17.830105,0.000000,experiments/logs/small_ratio_grid/imdb_Self-Only-MLP_r0p05_seed0.json;experiments/logs/small_ratio_grid/imdb_Self-Only-MLP_r0p05_seed1.json;experiments/logs/small_ratio_grid/imdb_Self-Only-MLP_r0p05_seed2.json
imdb,Shadow-HGC-R-1,64,raw,clipped,relation_linear,0.005865,0.006294,completed,0.337602,0.299790,0.000000,1.000000,0.935193,1.000000,0.005,train_target,ratio,20,20,20,20,1371,5,4,,,,24,44,60,0.014587892049598834,0.032093362509117436,0.008921330089213302,5,5.299954,0.583148,0.028382,20.727919,0.000000,experiments/logs/small_ratio_grid/imdb_r0p005_seed0.json;experiments/logs/small_ratio_grid/imdb_r0p005_seed1.json;experiments/logs/small_ratio_grid/imdb_r0p005_seed2.json
imdb,Shadow-HGC-R-1,64,raw,clipped,relation_linear,0.005865,0.006294,completed,0.337602,0.299790,0.000000,1.000000,0.935193,1.000000,0.01,train_target,ratio,20,20,20,20,1371,5,4,,,,24,44,60,0.014587892049598834,0.032093362509117436,0.008921330089213302,5,3.582302,1.711088,0.029262,17.821983,0.000000,experiments/logs/small_ratio_grid/imdb_r0p01_seed0.json;experiments/logs/small_ratio_grid/imdb_r0p01_seed1.json;experiments/logs/small_ratio_grid/imdb_r0p01_seed2.json
imdb,Shadow-HGC-R-1,64,raw,clipped,relation_linear,0.026801,0.009039,completed,0.305746,0.276364,0.000000,1.000000,0.963713,0.851852,0.02,train_target,ratio,27,27,27,27,1371,5,4,,,,27,54,81,0.019693654266958426,0.03938730853391685,0.010948905109489052,5,3.557561,1.780418,0.027826,17.821929,0.000000,experiments/logs/small_ratio_grid/imdb_r0p02_seed0.json;experiments/logs/small_ratio_grid/imdb_r0p02_seed1.json;experiments/logs/small_ratio_grid/imdb_r0p02_seed2.json
imdb,Shadow-HGC-R-1,64,raw,clipped,relation_linear,0.018312,0.018788,completed,0.316781,0.289112,0.000000,1.000000,0.973408,0.608696,0.05,train_target,ratio,69,69,69,69,1371,5,4,,,,69,138,207,0.05032822757111598,0.10065645514223195,0.027980535279805353,5,6.990609,0.743340,0.029790,17.822769,0.000000,experiments/logs/small_ratio_grid/imdb_r0p05_seed0.json;experiments/logs/small_ratio_grid/imdb_r0p05_seed1.json;experiments/logs/small_ratio_grid/imdb_r0p05_seed2.json
acm,Shadow-HGC-R-1,64,raw,clipped,relation_mlp,0.032938,0.032631,completed,0.720334,0.719785,0.353897,1.000000,0.285568,1.000000,0.01,train_target,ratio,12,12,12,12,907,3,4,,,,40,52,100,0.013230429988974642,0.05733186328555678,0.0171900826446281,3,3.895724,9.939559,0.450785,8.373838,0.000000,experiments/logs/small_ratio_model_compare/acm_r0p01_seed0.json;experiments/logs/small_ratio_model_compare/acm_r0p01_seed1.json;experiments/logs/small_ratio_model_compare/acm_r0p01_seed2.json
acm,Shadow-HGC-R-1,64,raw,clipped,relation_mlp,0.005617,0.007226,completed,0.767548,0.766394,0.366224,1.000000,0.315281,1.000000,0.02,train_target,ratio,18,18,18,18,907,3,4,,,,40,58,147,0.019845644983461964,0.0639470782800441,0.019173553719008266,3,4.530512,6.145387,0.384488,15.492968,0.000000,experiments/logs/small_ratio_model_compare/acm_r0p02_seed0.json;experiments/logs/small_ratio_model_compare/acm_r0p02_seed1.json;experiments/logs/small_ratio_model_compare/acm_r0p02_seed2.json
dblp,Shadow-HGC-R-1,64,raw,clipped,relation_mlp,0.018387,0.017197,completed,0.720188,0.712374,0.000000,1.000000,0.023738,1.000000,0.01,train_target,ratio,16,16,16,16,1217,4,4,,,,16,32,16,0.01314708299096138,0.02629416598192276,0.007887601676115356,4,1.254567,4.673889,0.821378,15.453118,0.000000,experiments/logs/small_ratio_model_compare/dblp_r0p01_seed0.json;experiments/logs/small_ratio_model_compare/dblp_r0p01_seed1.json;experiments/logs/small_ratio_model_compare/dblp_r0p01_seed2.json
dblp,Shadow-HGC-R-1,64,raw,clipped,relation_mlp,0.028374,0.024202,completed,0.717488,0.707632,0.000000,1.000000,0.020208,1.000000,0.02,train_target,ratio,24,24,24,24,1217,4,4,,,,24,48,24,0.01972062448644207,0.03944124897288414,0.011831402514173034,4,2.024856,3.371365,0.805634,15.453610,0.000000,experiments/logs/small_ratio_model_compare/dblp_r0p02_seed0.json;experiments/logs/small_ratio_model_compare/dblp_r0p02_seed1.json;experiments/logs/small_ratio_model_compare/dblp_r0p02_seed2.json
imdb,Shadow-HGC-R-1,64,raw,clipped,relation_mlp,0.024818,0.024058,completed,0.300854,0.276763,0.000000,1.000000,0.935193,0.500000,0.01,train_target,ratio,20,20,20,20,1371,5,4,,,,24,44,60,0.014587892049598834,0.032093362509117436,0.008921330089213302,5,3.740188,20.814921,0.859719,15.656501,0.000000,experiments/logs/small_ratio_model_compare/imdb_r0p01_seed0.json;experiments/logs/small_ratio_model_compare/imdb_r0p01_seed1.json;experiments/logs/small_ratio_model_compare/imdb_r0p01_seed2.json
imdb,Shadow-HGC-R-1,64,raw,clipped,relation_mlp,0.025419,0.021800,completed,0.309806,0.263292,0.000000,1.000000,0.963713,0.703704,0.02,train_target,ratio,27,27,27,27,1371,5,4,,,,27,54,81,0.019693654266958426,0.03938730853391685,0.010948905109489052,5,4.074974,23.010323,0.856566,15.668290,0.000000,experiments/logs/small_ratio_model_compare/imdb_r0p02_seed0.json;experiments/logs/small_ratio_model_compare/imdb_r0p02_seed1.json;experiments/logs/small_ratio_model_compare/imdb_r0p02_seed2.json
