generated_at,git_commit,config_hash,run_id,dataset,method,M_tau_requested,M_tau_effective,M_r_resolved_summary,feature_dim,projection_type,loss_type,model,accuracy_mean,accuracy_std,macro_f1_mean,macro_f1_std,condensation_time_mean,training_time_mean,inference_time_mean,status
2026-06-07T13:28:24Z,92a00a6,15f8d611548d1c01,acm-Full-WRL-GNN-seedna-15f8d611,acm,Full-WRL-GNN,,,,64,raw,clipped,relation_linear,0.801542,0.005644,0.805829,0.005063,0.000000,7.264334,0.000000,completed
2026-06-07T13:30:31Z,92a00a6,4c55ee3e6db7b5f0,acm-Herding-HG-seed2-4c55ee3e,acm,Herding-HG,110,110,,64,raw,,,0.741265,0.000000,,,0.000000,0.168326,0.000000,completed
2026-06-07T13:30:09Z,92a00a6,893bf92bc1ec6093,acm-Herding-HG-seed0-893bf92b,acm,Herding-HG,114,114,,64,raw,,,0.748584,0.011095,,,0.000000,0.158349,0.000000,completed
2026-06-07T13:28:51Z,92a00a6,a32894a3d1d3c77f,acm-Herding-HG-seed0-a32894a3,acm,Herding-HG,12,12,,64,raw,,,0.580579,0.022086,,,0.000000,0.134960,0.000000,completed
2026-06-07T13:29:40Z,92a00a6,733174b979a076a6,acm-Herding-HG-seed0-733174b9,acm,Herding-HG,18,18,,64,raw,,,0.608121,0.007966,,,0.000000,0.133945,0.000000,completed
2026-06-07T13:30:30Z,92a00a6,6b2e16d7b3a9045b,acm-Herding-HG-seed2-6b2e16d7,acm,Herding-HG,43,43,,64,raw,,,0.623702,0.000000,,,0.000000,0.142431,0.000000,completed
2026-06-07T13:30:08Z,92a00a6,b8e7c59645cea8da,acm-Herding-HG-seed0-b8e7c596,acm,Herding-HG,45,45,,64,raw,,,0.637630,0.001180,,,0.000000,0.139209,0.000000,completed
2026-06-07T13:28:52Z,92a00a6,570ac2de00a22102,acm-Herding-HG-seed0-570ac2de,acm,Herding-HG,52,52,,64,raw,,,0.643689,0.006996,,,0.000000,0.140709,0.000000,completed
2026-06-07T13:29:41Z,92a00a6,2c5b017f8e100621,acm-Herding-HG-seed0-2c5b017f,acm,Herding-HG,58,58,,64,raw,,,0.663676,0.005564,,,0.000000,0.142638,0.000000,completed
2026-06-07T13:30:31Z,92a00a6,0530d2a4ef758069,acm-K-Center-HG-seed2-0530d2a4,acm,K-Center-HG,110,110,,64,raw,,,0.749292,0.000000,,,0.000000,0.183263,0.000000,completed
2026-06-07T13:30:09Z,92a00a6,84e25af82a4db98c,acm-K-Center-HG-seed0-84e25af8,acm,K-Center-HG,114,114,,64,raw,,,0.755902,0.009915,,,0.000000,0.158153,0.000000,completed
2026-06-07T13:28:52Z,92a00a6,6028297c3f1d937b,acm-K-Center-HG-seed0-6028297c,acm,K-Center-HG,12,12,,64,raw,,,0.567516,0.015787,,,0.000000,0.130371,0.000000,completed
2026-06-07T13:29:40Z,92a00a6,e58c065eccdf2f76,acm-K-Center-HG-seed0-e58c065e,acm,K-Center-HG,18,18,,64,raw,,,0.577274,0.010245,,,0.000000,0.135452,0.000000,completed
2026-06-07T13:30:30Z,92a00a6,e95146304682d446,acm-K-Center-HG-seed2-e9514630,acm,K-Center-HG,43,43,,64,raw,,,0.679887,0.000000,,,0.000000,0.140355,0.000000,completed
2026-06-07T13:30:08Z,92a00a6,ab59e07952b2db76,acm-K-Center-HG-seed0-ab59e079,acm,K-Center-HG,45,45,,64,raw,,,0.675166,0.005194,,,0.000000,0.136682,0.000000,completed
2026-06-07T13:28:52Z,92a00a6,3956393ae9c5f7ad,acm-K-Center-HG-seed0-3956393a,acm,K-Center-HG,52,52,,64,raw,,,0.683349,0.006557,,,0.000000,0.144265,0.000000,completed
2026-06-07T13:29:41Z,92a00a6,835b975d3142c143,acm-K-Center-HG-seed0-835b975d,acm,K-Center-HG,58,58,,64,raw,,,0.685867,0.002479,,,0.000000,0.152949,0.000000,completed
2026-06-07T13:30:31Z,92a00a6,db58d40605109faf,acm-Random-HG-seed2-db58d406,acm,Random-HG,110,110,,64,raw,,,0.742210,0.000000,,,0.000000,0.162450,0.000000,completed
2026-06-07T13:30:09Z,92a00a6,feb939f529c8c36e,acm-Random-HG-seed0-feb939f5,acm,Random-HG,114,114,,64,raw,,,0.765108,0.021483,,,0.000000,0.162364,0.000000,completed
2026-06-07T13:28:51Z,92a00a6,d1501799830e4a62,acm-Random-HG-seed0-d1501799,acm,Random-HG,12,12,,64,raw,,,0.579792,0.019248,,,0.000000,0.134160,0.000000,completed
2026-06-07T13:29:40Z,92a00a6,df82b9a5d2543905,acm-Random-HG-seed0-df82b9a5,acm,Random-HG,18,18,,64,raw,,,0.622757,0.022359,,,0.000000,0.134338,0.000000,completed
2026-06-07T13:30:30Z,92a00a6,7e802c48d93e21eb,acm-Random-HG-seed2-7e802c48,acm,Random-HG,43,43,,64,raw,,,0.654391,0.000000,,,0.000000,0.139103,0.000000,completed
2026-06-07T13:30:08Z,92a00a6,f430b261c7905926,acm-Random-HG-seed0-f430b261,acm,Random-HG,45,45,,64,raw,,,0.702549,0.010859,,,0.000000,0.141386,0.000000,completed
2026-06-07T13:28:52Z,92a00a6,e7333e3bdc831eb6,acm-Random-HG-seed0-e7333e3b,acm,Random-HG,52,52,,64,raw,,,0.699874,0.029705,,,0.000000,0.141961,0.000000,completed
2026-06-07T13:29:41Z,92a00a6,53cfaa79dcce3318,acm-Random-HG-seed0-53cfaa79,acm,Random-HG,58,58,,64,raw,,,0.716399,0.028725,,,0.000000,0.142979,0.000000,completed
2026-06-07T13:28:51Z,92a00a6,9723fa8143314020,acm-Self-Only-MLP-seed0-9723fa81,acm,Self-Only-MLP,12,12,paper--cite_ref-->paper=8;paper--cited_by-->paper=8;author--writes-->paper=8;subject--subject_of-->paper=8;term--term_in-->paper=8,64,raw,clipped,relation_mlp,0.784230,0.012569,0.781637,0.014355,1.382252,2.798605,0.038237,completed
2026-06-07T13:29:40Z,92a00a6,2d6a107ea17d5417,acm-Self-Only-MLP-seed0-2d6a107e,acm,Self-Only-MLP,18,18,paper--cite_ref-->paper=8;paper--cited_by-->paper=8;author--writes-->paper=8;subject--subject_of-->paper=8;term--term_in-->paper=8,64,raw,clipped,relation_mlp,0.788480,0.047423,0.783207,0.054362,1.645888,2.837502,0.037785,completed
2026-06-07T13:30:08Z,92a00a6,a974760f07b9cf73,acm-Self-Only-MLP-seed0-a974760f,acm,Self-Only-MLP,45,45,paper--cite_ref-->paper=12;paper--cited_by-->paper=12;author--writes-->paper=15;subject--subject_of-->paper=15;term--term_in-->paper=15,64,raw,clipped,relation_mlp,0.761568,0.002345,0.759893,0.003697,2.477099,3.247708,0.037983,completed
2026-06-07T13:28:46Z,92a00a6,da50fd5103a9d22a,acm-Shadow-HGC-R-1-seed0-da50fd51,acm,Shadow-HGC-R-1,12,12,paper--cite_ref-->paper=8;paper--cited_by-->paper=8;author--writes-->paper=8;subject--subject_of-->paper=8;term--term_in-->paper=8,64,raw,clipped,relation_linear,0.601353,0.137437,0.568022,0.156505,2.361654,0.532331,0.010322,completed
2026-06-07T13:29:35Z,92a00a6,d2f99ca6981655c2,acm-Shadow-HGC-R-1-seed0-d2f99ca6,acm,Shadow-HGC-R-1,18,18,paper--cite_ref-->paper=8;paper--cited_by-->paper=8;author--writes-->paper=8;subject--subject_of-->paper=8;term--term_in-->paper=8,64,raw,clipped,relation_linear,0.630941,0.076505,0.586062,0.071256,2.116683,0.536612,0.009933,completed
2026-06-07T13:30:02Z,92a00a6,f675ec5e31ec26fd,acm-Shadow-HGC-R-1-seed0-f675ec5e,acm,Shadow-HGC-R-1,45,45,paper--cite_ref-->paper=12;paper--cited_by-->paper=12;author--writes-->paper=15;subject--subject_of-->paper=15;term--term_in-->paper=15,64,raw,clipped,relation_linear,0.767233,0.103260,0.748997,0.132814,2.894038,0.563915,0.009961,completed
2026-06-07T13:31:04Z,92a00a6,05b90774b5352a04,dblp-Full-WRL-GNN-seedna-05b90774,dblp,Full-WRL-GNN,,,,64,raw,clipped,relation_linear,0.810681,0.001418,0.802076,0.001466,0.000000,31.097853,0.000000,completed
2026-06-07T13:34:03Z,92a00a6,c694205c7ab018cb,dblp-Herding-HG-seed0-c694205c,dblp,Herding-HG,122,122,,64,raw,,,0.603756,0.003829,,,0.000000,0.169681,0.000000,completed
2026-06-07T13:32:19Z,92a00a6,2338ec8d0210da84,dblp-Herding-HG-seed0-2338ec8d,dblp,Herding-HG,16,16,,64,raw,,,0.395422,0.015431,,,0.000000,0.148820,0.000000,completed
2026-06-07T13:33:23Z,92a00a6,4b2df54659a44186,dblp-Herding-HG-seed0-4b2df546,dblp,Herding-HG,24,24,,64,raw,,,0.484742,0.004865,,,0.000000,0.176544,0.000000,completed
2026-06-07T13:32:20Z,92a00a6,fd379853aee5e3fd,dblp-Herding-HG-seed0-fd379853,dblp,Herding-HG,32,32,,64,raw,,,0.505634,0.004235,,,0.000000,0.161209,0.000000,completed
2026-06-07T13:33:27Z,92a00a6,630d9f9dc332139d,dblp-Herding-HG-seed0-630d9f9d,dblp,Herding-HG,48,48,,64,raw,,,0.492371,0.006392,,,0.000000,0.164144,0.000000,completed
2026-06-07T13:33:59Z,92a00a6,fddcb15015e17b4d,dblp-Herding-HG-seed0-fddcb150,dblp,Herding-HG,61,61,,64,raw,,,0.587911,0.001583,,,0.000000,0.150479,0.000000,completed
2026-06-07T13:34:03Z,92a00a6,181b7791d061b0df,dblp-K-Center-HG-seed0-181b7791,dblp,K-Center-HG,122,122,,64,raw,,,0.689084,0.016635,,,0.000000,0.168783,0.000000,completed
2026-06-07T13:32:20Z,92a00a6,c5d97b1cd78ebe0e,dblp-K-Center-HG-seed0-c5d97b1c,dblp,K-Center-HG,16,16,,64,raw,,,0.518192,0.003924,,,0.000000,0.147211,0.000000,completed
2026-06-07T13:33:26Z,92a00a6,c6ab2f8c232ed2c5,dblp-K-Center-HG-seed0-c6ab2f8c,dblp,K-Center-HG,24,24,,64,raw,,,0.554695,0.004363,,,0.000000,1.064707,0.000000,completed
2026-06-07T13:32:20Z,92a00a6,f5d92102428cc39f,dblp-K-Center-HG-seed0-f5d92102,dblp,K-Center-HG,32,32,,64,raw,,,0.586972,0.010290,,,0.000000,0.623968,0.000000,completed
2026-06-07T13:33:27Z,92a00a6,f6c0019b90f6b49d,dblp-K-Center-HG-seed0-f6c0019b,dblp,K-Center-HG,48,48,,64,raw,,,0.629343,0.013596,,,0.000000,0.170685,0.000000,completed
2026-06-07T13:33:59Z,92a00a6,3435e0dca223389f,dblp-K-Center-HG-seed0-3435e0dc,dblp,K-Center-HG,61,61,,64,raw,,,0.653521,0.017509,,,0.000000,0.150820,0.000000,completed
2026-06-07T13:34:03Z,92a00a6,cc540b775ca07a73,dblp-Random-HG-seed0-cc540b77,dblp,Random-HG,122,122,,64,raw,,,0.603756,0.015488,,,0.000000,1.324299,0.000000,completed
2026-06-07T13:32:19Z,92a00a6,08981898a8c1fbba,dblp-Random-HG-seed0-08981898,dblp,Random-HG,16,16,,64,raw,,,0.471362,0.027114,,,0.000000,0.160285,0.000000,completed
2026-06-07T13:33:22Z,92a00a6,271be6c8a9b53744,dblp-Random-HG-seed0-271be6c8,dblp,Random-HG,24,24,,64,raw,,,0.513380,0.030910,,,0.000000,1.246104,0.000000,completed
2026-06-07T13:32:20Z,92a00a6,ed14c18ee38e7900,dblp-Random-HG-seed0-ed14c18e,dblp,Random-HG,32,32,,64,raw,,,0.535798,0.013242,,,0.000000,0.714120,0.000000,completed
2026-06-07T13:33:26Z,92a00a6,e3b75a716acc7f8f,dblp-Random-HG-seed0-e3b75a71,dblp,Random-HG,48,48,,64,raw,,,0.544836,0.014112,,,0.000000,0.171682,0.000000,completed
2026-06-07T13:33:58Z,92a00a6,8f60f7f497064014,dblp-Random-HG-seed0-8f60f7f4,dblp,Random-HG,61,61,,64,raw,,,0.550939,0.007896,,,0.000000,0.161902,0.000000,completed
2026-06-07T13:32:19Z,92a00a6,f0ec1f1f1a776e2a,dblp-Self-Only-MLP-seed0-f0ec1f1f,dblp,Self-Only-MLP,16,16,paper--written_by-->author=16,64,raw,clipped,relation_mlp,0.698944,0.011961,0.687200,0.006635,2.359698,2.277834,0.004530,completed
2026-06-07T13:33:22Z,92a00a6,54ff05257449039d,dblp-Self-Only-MLP-seed0-54ff0525,dblp,Self-Only-MLP,24,24,paper--written_by-->author=24,64,raw,clipped,relation_mlp,0.708568,0.007875,0.697153,0.010462,2.903480,0.476377,0.004264,completed
2026-06-07T13:33:58Z,92a00a6,15b14af0282f465c,dblp-Self-Only-MLP-seed0-15b14af0,dblp,Self-Only-MLP,61,61,paper--written_by-->author=61,64,raw,clipped,relation_mlp,0.682394,0.024943,0.676014,0.025124,4.329052,1.834447,0.004591,completed
2026-06-07T13:32:14Z,92a00a6,0cc26089a9c517d3,dblp-Shadow-HGC-R-1-seed0-0cc26089,dblp,Shadow-HGC-R-1,16,16,paper--written_by-->author=16,64,raw,clipped,relation_linear,0.826408,0.002012,0.818514,0.002012,3.102791,0.372458,0.022096,completed
2026-06-07T13:33:19Z,92a00a6,614dce2870faf9e0,dblp-Shadow-HGC-R-1-seed0-614dce28,dblp,Shadow-HGC-R-1,24,24,paper--written_by-->author=24,64,raw,clipped,relation_linear,0.825704,0.004025,0.817920,0.004151,2.746720,1.443637,0.022308,completed
2026-06-07T13:33:52Z,92a00a6,16ac54520ff276f4,dblp-Shadow-HGC-R-1-seed0-16ac5452,dblp,Shadow-HGC-R-1,61,61,paper--written_by-->author=61,64,raw,clipped,relation_linear,0.826056,0.001253,0.818393,0.001183,3.280485,0.375853,0.020694,completed
2026-06-07T13:35:02Z,92a00a6,5bbcaa6250cc1d82,imdb-Full-WRL-GNN-seedna-5bbcaa62,imdb,Full-WRL-GNN,,,,64,raw,clipped,relation_linear,0.335103,0.003006,0.308643,0.002993,0.000000,30.666178,0.000000,completed
2026-06-07T13:41:03Z,92a00a6,6ee18b2ac9a2a261,imdb-Herding-HG-seed0-6ee18b2a,imdb,Herding-HG,138,138,,64,raw,,,0.256506,0.000642,,,0.000000,0.269787,0.000000,completed
2026-06-07T13:36:34Z,92a00a6,4a7f5c874816357b,imdb-Herding-HG-seed0-4a7f5c87,imdb,Herding-HG,20,20,,64,raw,,,0.180929,0.001031,,,0.000000,0.212575,0.000000,completed
2026-06-07T13:39:29Z,92a00a6,397d8103098ebea8,imdb-Herding-HG-seed0-397d8103,imdb,Herding-HG,27,27,,64,raw,,,0.171560,0.001845,,,0.000000,0.231402,0.000000,completed
2026-06-07T13:36:34Z,92a00a6,4ffc254f6a69d082,imdb-Herding-HG-seed0-4ffc254f,imdb,Herding-HG,44,44,,64,raw,,,0.186758,0.000674,,,0.000000,0.185585,0.000000,completed
2026-06-07T13:39:30Z,92a00a6,6aef8ffd9d2b35b4,imdb-Herding-HG-seed0-6aef8ffd,imdb,Herding-HG,54,54,,64,raw,,,0.204560,0.002024,,,0.000000,0.227665,0.000000,completed
2026-06-07T13:41:02Z,92a00a6,ea4aa0cea4857c0c,imdb-Herding-HG-seed0-ea4aa0ce,imdb,Herding-HG,69,69,,64,raw,,,0.224235,0.001925,,,0.000000,0.224769,0.000000,completed
2026-06-07T13:41:03Z,92a00a6,6d8a6784540813a2,imdb-K-Center-HG-seed0-6d8a6784,imdb,K-Center-HG,138,138,,64,raw,,,0.303144,0.011139,,,0.000000,0.256400,0.000000,completed
2026-06-07T13:36:34Z,92a00a6,03af4fcffabf7f0a,imdb-K-Center-HG-seed0-03af4fcf,imdb,K-Center-HG,20,20,,64,raw,,,0.247866,0.015614,,,0.000000,0.189511,0.000000,completed
2026-06-07T13:39:29Z,92a00a6,6014e90eefa88a63,imdb-K-Center-HG-seed0-6014e90e,imdb,K-Center-HG,27,27,,64,raw,,,0.263273,0.003431,,,0.000000,0.216637,0.000000,completed
2026-06-07T13:36:35Z,92a00a6,bf9a15fd8a1c1fb1,imdb-K-Center-HG-seed0-bf9a15fd,imdb,K-Center-HG,44,44,,64,raw,,,0.265147,0.011585,,,0.000000,0.189441,0.000000,completed
2026-06-07T13:39:30Z,92a00a6,bed37553f3bd448c,imdb-K-Center-HG-seed0-bed37553,imdb,K-Center-HG,54,54,,64,raw,,,0.275036,0.010843,,,0.000000,0.228383,0.000000,completed
2026-06-07T13:41:02Z,92a00a6,79e9c6dd6571605f,imdb-K-Center-HG-seed0-79e9c6dd,imdb,K-Center-HG,69,69,,64,raw,,,0.271601,0.014716,,,0.000000,0.224244,0.000000,completed
2026-06-07T13:41:03Z,92a00a6,555bdcb48e00b594,imdb-Random-HG-seed0-555bdcb4,imdb,Random-HG,138,138,,64,raw,,,0.293463,0.009624,,,0.000000,0.267516,0.000000,completed
2026-06-07T13:36:33Z,92a00a6,515cabb0e884dedd,imdb-Random-HG-seed0-515cabb0,imdb,Random-HG,20,20,,64,raw,,,0.255986,0.011063,,,0.000000,0.659989,0.000000,completed
2026-06-07T13:39:29Z,92a00a6,c0620b23625a9017,imdb-Random-HG-seed0-c0620b23,imdb,Random-HG,27,27,,64,raw,,,0.275036,0.011180,,,0.000000,1.460181,0.000000,completed
2026-06-07T13:36:34Z,92a00a6,9e07122f3d73e78f,imdb-Random-HG-seed0-9e07122f,imdb,Random-HG,44,44,,64,raw,,,0.292109,0.010534,,,0.000000,0.202205,0.000000,completed
2026-06-07T13:39:30Z,92a00a6,f1525a34beeed101,imdb-Random-HG-seed0-f1525a34,imdb,Random-HG,54,54,,64,raw,,,0.294399,0.011591,,,0.000000,0.237175,0.000000,completed
2026-06-07T13:41:01Z,92a00a6,618d5562a94c4cc4,imdb-Random-HG-seed0-618d5562,imdb,Random-HG,69,69,,64,raw,,,0.291693,0.015988,,,0.000000,0.226887,0.000000,completed
2026-06-07T13:36:33Z,92a00a6,a505e68817964d18,imdb-Self-Only-MLP-seed0-a505e688,imdb,Self-Only-MLP,20,20,director--directs-->movie=8;actor--acts_in-->movie=8;keyword--keyword_in-->movie=8,64,raw,clipped,relation_mlp,0.398605,0.011825,0.373865,0.005281,2.722691,18.035212,0.190872,completed
2026-06-07T13:39:28Z,92a00a6,d32a4fecb142bfa0,imdb-Self-Only-MLP-seed0-d32a4fec,imdb,Self-Only-MLP,27,27,director--directs-->movie=9;actor--acts_in-->movie=9;keyword--keyword_in-->movie=9,64,raw,clipped,relation_mlp,0.399542,0.014582,0.369270,0.008065,3.481071,17.104856,0.186665,completed
2026-06-07T13:41:01Z,92a00a6,8169ab53d425dfbc,imdb-Self-Only-MLP-seed0-8169ab53,imdb,Self-Only-MLP,69,69,director--directs-->movie=23;actor--acts_in-->movie=23;keyword--keyword_in-->movie=23,64,raw,clipped,relation_mlp,0.400687,0.008219,0.359630,0.008840,6.592661,17.700144,0.181937,completed
2026-06-07T13:36:11Z,92a00a6,3fbad02bf779f7ba,imdb-Shadow-HGC-R-1-seed0-3fbad02b,imdb,Shadow-HGC-R-1,20,20,director--directs-->movie=8;actor--acts_in-->movie=8;keyword--keyword_in-->movie=8,64,raw,clipped,relation_linear,0.337602,0.005865,0.299790,0.006294,4.441128,1.147118,0.028822,completed
2026-06-07T13:39:06Z,92a00a6,104d0886a4a665c6,imdb-Shadow-HGC-R-1-seed0-104d0886,imdb,Shadow-HGC-R-1,27,27,director--directs-->movie=9;actor--acts_in-->movie=9;keyword--keyword_in-->movie=9,64,raw,clipped,relation_linear,0.305746,0.026801,0.276364,0.009039,3.557561,1.780418,0.027826,completed
2026-06-07T13:40:37Z,92a00a6,4b7fd5e4f2e69bb8,imdb-Shadow-HGC-R-1-seed0-4b7fd5e4,imdb,Shadow-HGC-R-1,69,69,director--directs-->movie=23;actor--acts_in-->movie=23;keyword--keyword_in-->movie=23,64,raw,clipped,relation_linear,0.316781,0.018312,0.289112,0.018788,6.990609,0.743340,0.029790,completed
2026-06-07T13:46:28Z,92a00a6,f43330fd96c4e44d,acm-Shadow-HGC-R-1-seed0-f43330fd,acm,Shadow-HGC-R-1,12,12,paper--cite_ref-->paper=8;paper--cited_by-->paper=8;author--writes-->paper=8;subject--subject_of-->paper=8;term--term_in-->paper=8,64,raw,clipped,relation_mlp,0.720334,0.032938,0.719785,0.032631,3.895724,9.939559,0.450785,completed
2026-06-07T13:47:03Z,92a00a6,118e23a49caff4ca,acm-Shadow-HGC-R-1-seed0-118e23a4,acm,Shadow-HGC-R-1,18,18,paper--cite_ref-->paper=8;paper--cited_by-->paper=8;author--writes-->paper=8;subject--subject_of-->paper=8;term--term_in-->paper=8,64,raw,clipped,relation_mlp,0.767548,0.005617,0.766394,0.007226,4.530512,6.145387,0.384488,completed
2026-06-07T13:47:36Z,92a00a6,5d2bb92ec301d47b,dblp-Shadow-HGC-R-1-seed0-5d2bb92e,dblp,Shadow-HGC-R-1,16,16,paper--written_by-->author=16,64,raw,clipped,relation_mlp,0.720188,0.018387,0.712374,0.017197,1.254567,4.673889,0.821378,completed
2026-06-07T13:47:54Z,92a00a6,fd582b05307bd4ac,dblp-Shadow-HGC-R-1-seed0-fd582b05,dblp,Shadow-HGC-R-1,24,24,paper--written_by-->author=24,64,raw,clipped,relation_mlp,0.717488,0.028374,0.707632,0.024202,2.024856,3.371365,0.805634,completed
2026-06-07T13:48:34Z,92a00a6,bc78a432d55e2a5a,imdb-Shadow-HGC-R-1-seed0-bc78a432,imdb,Shadow-HGC-R-1,20,20,director--directs-->movie=8;actor--acts_in-->movie=8;keyword--keyword_in-->movie=8,64,raw,clipped,relation_mlp,0.300854,0.024818,0.276763,0.024058,3.740188,20.814921,0.859719,completed
2026-06-07T13:49:51Z,92a00a6,532e8fa7158c64a0,imdb-Shadow-HGC-R-1-seed0-532e8fa7,imdb,Shadow-HGC-R-1,27,27,director--directs-->movie=9;actor--acts_in-->movie=9;keyword--keyword_in-->movie=9,64,raw,clipped,relation_mlp,0.309806,0.025419,0.263292,0.021800,4.074974,23.010323,0.856566,completed
