dataset,variant,seed,status,reason,accuracy,macro_f1,weighted_f1,predicted_class_count,prediction_entropy,gate_acc,gate_acc_passed,recovery_gate,recovery_gate_passed,model_type,enabled_blocks,block_dims,block_gates,metapath_blocks,skipped_metapaths,uses_diffusion,uses_dense_p2,uses_dense_metapath_adjacency,uses_full_graph_backprop,uses_e_by_d_materialization,cache_all_targets,edge_scans_by_block,cache_bytes_by_block,disk_bytes,training_time_s,inference_time_s,wall_time_s,peak_cpu_ram_gb,peak_gpu_ram_gb,medium_execution_mode,allocation_failure,source_log
acm,B0_self,42,completed,completed,0.8418319225311279,0.8419868350028992,0.8411634734487047,3,1.0951026357144062,0.93,False,0.93,False,sfb_v2,"[""self""]","{""self"": 1902}",{},[],{},False,False,False,False,False,False,{},{},0,0.7597457999999997,0.0,0.7642888999999999,0.6745147705078125,0.0,small_full_schema,,experiments\logs\t0s_sfb_v2_fullgraph_seed42\acm_B0_self_seed42.json
acm,B1_typed_demand,42,completed,completed,0.9140698909759521,0.9146179556846619,0.9136718249593543,3,1.092393624451146,0.93,False,0.93,False,sfb_v2,"[""self"", ""typed:cite_ref"", ""typed:cited_by"", ""typed:writes"", ""typed:subject_of""]","{""self"": 1902, ""typed:cite_ref"": 1902, ""typed:cited_by"": 1902, ""typed:subject_of"": 1902, ""typed:writes"": 1902}","{""typed:cite_ref"": 0.6973442435264587, ""typed:cited_by"": 0.6981861591339111, ""typed:subject_of"": 0.6826843023300171, ""typed:writes"": 0.6992147564888}",[],{},False,False,False,False,False,False,"{""typed:cite_ref"": 1, ""typed:cited_by"": 1, ""typed:subject_of"": 1, ""typed:writes"": 1}","{""typed:cite_ref"": 23014200, ""typed:cited_by"": 23014200, ""typed:subject_of"": 23014200, ""typed:writes"": 23014200}",0,4.4622515,0.0,4.4906576,1.0982246398925781,0.0,small_full_schema,,experiments\logs\t0s_sfb_v2_fullgraph_seed42\acm_B1_typed_demand_seed42.json
acm,B2_metapath,42,completed,completed,0.9046270251274109,0.9060052831967672,0.905125766884685,3,1.097088731312335,0.93,False,0.93,False,sfb_v2,"[""self"", ""typed:cite_ref"", ""typed:cited_by"", ""typed:writes"", ""typed:subject_of"", ""metapath:PAP"", ""metapath:PSP"", ""metapath:PTP""]","{""metapath:PAP"": 1902, ""metapath:PSP"": 1902, ""metapath:PTP"": 1902, ""self"": 1902, ""typed:cite_ref"": 1902, ""typed:cited_by"": 1902, ""typed:subject_of"": 1902, ""typed:writes"": 1902}","{""metapath:PAP"": 0.7003450989723206, ""metapath:PSP"": 0.6865200996398926, ""metapath:PTP"": 0.6962830424308777, ""typed:cite_ref"": 0.695485532283783, ""typed:cited_by"": 0.6948931217193604, ""typed:subject_of"": 0.6839421987533569, ""typed:writes"": 0.6973029375076294}","[""metapath:PAP"", ""metapath:PSP"", ""metapath:PTP""]",{},False,False,False,False,False,False,"{""metapath:PAP"": 2, ""metapath:PSP"": 2, ""metapath:PTP"": 2, ""typed:cite_ref"": 1, ""typed:cited_by"": 1, ""typed:subject_of"": 1, ""typed:writes"": 1}","{""metapath:PAP"": 23014200, ""metapath:PSP"": 23014200, ""metapath:PTP"": 23014200, ""typed:cite_ref"": 23014200, ""typed:cited_by"": 23014200, ""typed:subject_of"": 23014200, ""typed:writes"": 23014200}",0,6.9500109000000005,0.0,7.447301599999999,2.531444549560547,0.0,small_full_schema,,experiments\logs\t0s_sfb_v2_fullgraph_seed42\acm_B2_metapath_seed42.json
acm,B3_scap_v2,42,completed,completed,0.9154863357543945,0.9165802995363871,0.9157890029310037,3,1.0973802514547295,0.93,False,0.93,False,sfb_v2,"[""self"", ""typed:cite_ref"", ""typed:cited_by"", ""typed:writes"", ""typed:subject_of"", ""metapath:PAP"", ""metapath:PSP"", ""metapath:PTP"", ""scap_v2:cite_ref"", ""scap_v2:cited_by""]","{""metapath:PAP"": 1902, ""metapath:PSP"": 1902, ""metapath:PTP"": 1902, ""scap_v2:cite_ref"": 3, ""scap_v2:cited_by"": 3, ""self"": 1902, ""typed:cite_ref"": 1902, ""typed:cited_by"": 1902, ""typed:subject_of"": 1902, ""typed:writes"": 1902}","{""metapath:PAP"": 0.7016223073005676, ""metapath:PSP"": 0.6854327321052551, ""metapath:PTP"": 0.6932214498519897, ""scap_v2:cite_ref"": 0.6869814395904541, ""scap_v2:cited_by"": 0.6864705085754395, ""typed:cite_ref"": 0.6965439319610596, ""typed:cited_by"": 0.6954575181007385, ""typed:subject_of"": 0.6833223700523376, ""typed:writes"": 0.6968056559562683}","[""metapath:PAP"", ""metapath:PSP"", ""metapath:PTP""]",{},False,False,False,False,False,False,"{""metapath:PAP"": 2, ""metapath:PSP"": 2, ""metapath:PTP"": 2, ""scap_v2:cite_ref"": 1, ""scap_v2:cited_by"": 1, ""typed:cite_ref"": 1, ""typed:cited_by"": 1, ""typed:subject_of"": 1, ""typed:writes"": 1}","{""metapath:PAP"": 23014200, ""metapath:PSP"": 23014200, ""metapath:PTP"": 23014200, ""scap_v2:cite_ref"": 36300, ""scap_v2:cited_by"": 36300, ""typed:cite_ref"": 23014200, ""typed:cited_by"": 23014200, ""typed:subject_of"": 23014200, ""typed:writes"": 23014200}",0,8.197774500000001,0.0,8.6859091,2.559661865234375,0.0,small_full_schema,,experiments\logs\t0s_sfb_v2_fullgraph_seed42\acm_B3_scap_v2_seed42.json
acm,B4_logit_prop,42,completed,completed,0.9088762998580933,0.909429669380188,0.9087237532123095,3,1.0970478298264317,0.93,False,0.93,False,sfb_v2,"[""self"", ""typed:cite_ref"", ""typed:cited_by"", ""typed:writes"", ""typed:subject_of"", ""metapath:PAP"", ""metapath:PSP"", ""metapath:PTP"", ""scap_v2:cite_ref"", ""scap_v2:cited_by"", ""logit_prop""]","{""logit_prop"": 3, ""metapath:PAP"": 1902, ""metapath:PSP"": 1902, ""metapath:PTP"": 1902, ""scap_v2:cite_ref"": 3, ""scap_v2:cited_by"": 3, ""self"": 1902, ""typed:cite_ref"": 1902, ""typed:cited_by"": 1902, ""typed:subject_of"": 1902, ""typed:writes"": 1902}","{""logit_prop"": 0.7060945630073547, ""metapath:PAP"": 0.7009793519973755, ""metapath:PSP"": 0.6851528882980347, ""metapath:PTP"": 0.6936686635017395, ""scap_v2:cite_ref"": 0.6872404217720032, ""scap_v2:cited_by"": 0.6865043640136719, ""typed:cite_ref"": 0.6963192820549011, ""typed:cited_by"": 0.696519672870636, ""typed:subject_of"": 0.6828694343566895, ""typed:writes"": 0.6934617161750793}","[""metapath:PAP"", ""metapath:PSP"", ""metapath:PTP""]",{},False,False,False,False,False,False,"{""logit_prop"": 1, ""metapath:PAP"": 2, ""metapath:PSP"": 2, ""metapath:PTP"": 2, ""scap_v2:cite_ref"": 1, ""scap_v2:cited_by"": 1, ""typed:cite_ref"": 1, ""typed:cited_by"": 1, ""typed:subject_of"": 1, ""typed:writes"": 1}","{""logit_prop"": 36300, ""metapath:PAP"": 23014200, ""metapath:PSP"": 23014200, ""metapath:PTP"": 23014200, ""scap_v2:cite_ref"": 36300, ""scap_v2:cited_by"": 36300, ""typed:cite_ref"": 23014200, ""typed:cited_by"": 23014200, ""typed:subject_of"": 23014200, ""typed:writes"": 23014200}",0,8.515076,0.0,17.0538179,2.64031982421875,0.0,small_full_schema,,experiments\logs\t0s_sfb_v2_fullgraph_seed42\acm_B4_logit_prop_seed42.json
dblp,B0_self,42,completed,completed,0.7700704336166382,0.7617398649454117,0.7696313615510597,4,1.3637085970247667,0.91,False,0.84,False,sfb_v2,"[""self""]","{""self"": 334}",{},[],{},False,False,False,False,False,False,{},{},0,1.5472560000000044,0.0,1.5489165999999983,2.5698394775390625,0.0,small_full_schema,,experiments\logs\t0s_sfb_v2_fullgraph_seed42\dblp_B0_self_seed42.json
dblp,B1_typed_demand,42,completed,completed,0.5095070600509644,0.4975796565413475,0.5044004215407787,4,1.3078930107146636,0.91,False,0.84,False,sfb_v2,"[""self"", ""typed:written_by""]","{""self"": 334, ""typed:written_by"": 4231}","{""typed:written_by"": 0.7036938667297363}",[],{},False,False,False,False,False,False,"{""typed:written_by"": 1}","{""typed:written_by"": 68660668}",0,3.0015327999999997,0.0,3.0491515000000007,2.6538848876953125,0.0,small_full_schema,,experiments\logs\t0s_sfb_v2_fullgraph_seed42\dblp_B1_typed_demand_seed42.json
dblp,B2_metapath,42,completed,completed,0.6355633735656738,0.6332688480615616,0.6334858400243727,4,1.2166380602795506,0.91,False,0.84,False,sfb_v2,"[""self"", ""typed:written_by"", ""metapath:APA"", ""metapath:APVPA"", ""metapath:APTPA""]","{""metapath:APA"": 334, ""metapath:APTPA"": 334, ""metapath:APVPA"": 334, ""self"": 334, ""typed:written_by"": 4231}","{""metapath:APA"": 0.686633288860321, ""metapath:APTPA"": 0.6911433339118958, ""metapath:APVPA"": 0.694572389125824, ""typed:written_by"": 0.7008041739463806}","[""metapath:APA"", ""metapath:APVPA"", ""metapath:APTPA""]","{""APCPA"": ""schema_missing""}",False,False,False,False,False,False,"{""metapath:APA"": 2, ""metapath:APTPA"": 4, ""metapath:APVPA"": 4, ""typed:written_by"": 1}","{""metapath:APA"": 5420152, ""metapath:APTPA"": 5420152, ""metapath:APVPA"": 5420152, ""typed:written_by"": 68660668}",0,4.830876400000001,0.0,4.921306600000001,2.6743316650390625,0.0,small_full_schema,,experiments\logs\t0s_sfb_v2_fullgraph_seed42\dblp_B2_metapath_seed42.json
dblp,B3_scap_v2,42,completed,completed,0.6355633735656738,0.6332688480615616,0.6334858400243727,4,1.2166380602795506,0.91,False,0.84,False,sfb_v2,"[""self"", ""typed:written_by"", ""metapath:APA"", ""metapath:APVPA"", ""metapath:APTPA""]","{""metapath:APA"": 334, ""metapath:APTPA"": 334, ""metapath:APVPA"": 334, ""self"": 334, ""typed:written_by"": 4231}","{""metapath:APA"": 0.686633288860321, ""metapath:APTPA"": 0.6911433339118958, ""metapath:APVPA"": 0.694572389125824, ""typed:written_by"": 0.7008041739463806}","[""metapath:APA"", ""metapath:APVPA"", ""metapath:APTPA""]","{""APCPA"": ""schema_missing""}",False,False,False,False,False,False,"{""metapath:APA"": 2, ""metapath:APTPA"": 4, ""metapath:APVPA"": 4, ""typed:written_by"": 1}","{""metapath:APA"": 5420152, ""metapath:APTPA"": 5420152, ""metapath:APVPA"": 5420152, ""typed:written_by"": 68660668}",0,4.759380499999999,0.0,4.8559372,2.687854766845703,0.0,small_full_schema,,experiments\logs\t0s_sfb_v2_fullgraph_seed42\dblp_B3_scap_v2_seed42.json
dblp,B4_logit_prop,42,completed,completed,0.6355633735656738,0.6332688480615616,0.6334858400243727,4,1.2166380602795506,0.91,False,0.84,False,sfb_v2,"[""self"", ""typed:written_by"", ""metapath:APA"", ""metapath:APVPA"", ""metapath:APTPA""]","{""metapath:APA"": 334, ""metapath:APTPA"": 334, ""metapath:APVPA"": 334, ""self"": 334, ""typed:written_by"": 4231}","{""metapath:APA"": 0.686633288860321, ""metapath:APTPA"": 0.6911433339118958, ""metapath:APVPA"": 0.694572389125824, ""typed:written_by"": 0.7008041739463806}","[""metapath:APA"", ""metapath:APVPA"", ""metapath:APTPA""]","{""APCPA"": ""schema_missing""}",False,False,False,False,False,False,"{""metapath:APA"": 2, ""metapath:APTPA"": 4, ""metapath:APVPA"": 4, ""typed:written_by"": 1}","{""metapath:APA"": 5420152, ""metapath:APTPA"": 5420152, ""metapath:APVPA"": 5420152, ""typed:written_by"": 68660668}",0,4.764947900000003,0.0,4.855101999999995,2.6819496154785156,0.0,small_full_schema,,experiments\logs\t0s_sfb_v2_fullgraph_seed42\dblp_B4_logit_prop_seed42.json
dblp,DBLP_APA_only,42,diagnostic_existing,completed,0.6355633735656738,0.6332688480615616,0.6334858400243727,4,1.2166380602795506,0.91,False,0.84,False,sfb_v2,"[""self"", ""typed:written_by"", ""metapath:APA"", ""metapath:APVPA"", ""metapath:APTPA""]","{""metapath:APA"": 334, ""metapath:APTPA"": 334, ""metapath:APVPA"": 334, ""self"": 334, ""typed:written_by"": 4231}","{""metapath:APA"": 0.686633288860321, ""metapath:APTPA"": 0.6911433339118958, ""metapath:APVPA"": 0.694572389125824, ""typed:written_by"": 0.7008041739463806}","[""APA""]","{""APCPA"": ""schema_missing""}",False,False,False,False,False,False,"{""metapath:APA"": 2, ""metapath:APTPA"": 4, ""metapath:APVPA"": 4, ""typed:written_by"": 1}","{""metapath:APA"": 5420152, ""metapath:APTPA"": 5420152, ""metapath:APVPA"": 5420152, ""typed:written_by"": 68660668}",0,4.830876400000001,0.0,4.921306600000001,2.6743316650390625,0.0,small_full_schema,,experiments\logs\t0s_sfb_v2_fullgraph_seed42\dblp_B2_metapath_seed42.json
dblp,DBLP_APA_APVPA,42,diagnostic_existing,completed,0.6355633735656738,0.6332688480615616,0.6334858400243727,4,1.2166380602795506,0.91,False,0.84,False,sfb_v2,"[""self"", ""typed:written_by"", ""metapath:APA"", ""metapath:APVPA"", ""metapath:APTPA""]","{""metapath:APA"": 334, ""metapath:APTPA"": 334, ""metapath:APVPA"": 334, ""self"": 334, ""typed:written_by"": 4231}","{""metapath:APA"": 0.686633288860321, ""metapath:APTPA"": 0.6911433339118958, ""metapath:APVPA"": 0.694572389125824, ""typed:written_by"": 0.7008041739463806}","[""APA"", ""APVPA""]","{""APCPA"": ""schema_missing""}",False,False,False,False,False,False,"{""metapath:APA"": 2, ""metapath:APTPA"": 4, ""metapath:APVPA"": 4, ""typed:written_by"": 1}","{""metapath:APA"": 5420152, ""metapath:APTPA"": 5420152, ""metapath:APVPA"": 5420152, ""typed:written_by"": 68660668}",0,4.830876400000001,0.0,4.921306600000001,2.6743316650390625,0.0,small_full_schema,,experiments\logs\t0s_sfb_v2_fullgraph_seed42\dblp_B2_metapath_seed42.json
dblp,DBLP_APA_APVPA_APTPA,42,diagnostic_existing,completed,0.6355633735656738,0.6332688480615616,0.6334858400243727,4,1.2166380602795506,0.91,False,0.84,False,sfb_v2,"[""self"", ""typed:written_by"", ""metapath:APA"", ""metapath:APVPA"", ""metapath:APTPA""]","{""metapath:APA"": 334, ""metapath:APTPA"": 334, ""metapath:APVPA"": 334, ""self"": 334, ""typed:written_by"": 4231}","{""metapath:APA"": 0.686633288860321, ""metapath:APTPA"": 0.6911433339118958, ""metapath:APVPA"": 0.694572389125824, ""typed:written_by"": 0.7008041739463806}","[""APA"", ""APVPA"", ""APTPA""]","{""APCPA"": ""schema_missing""}",False,False,False,False,False,False,"{""metapath:APA"": 2, ""metapath:APTPA"": 4, ""metapath:APVPA"": 4, ""typed:written_by"": 1}","{""metapath:APA"": 5420152, ""metapath:APTPA"": 5420152, ""metapath:APVPA"": 5420152, ""typed:written_by"": 68660668}",0,4.830876400000001,0.0,4.921306600000001,2.6743316650390625,0.0,small_full_schema,,experiments\logs\t0s_sfb_v2_fullgraph_seed42\dblp_B2_metapath_seed42.json
dblp,DBLP_APA_APVPA_APTPA_APCPA,42,diagnostic_existing,APCPA schema_missing in local DBLP full schema,0.6355633735656738,0.6332688480615616,0.6334858400243727,4,1.2166380602795506,0.91,False,0.84,False,sfb_v2,"[""self"", ""typed:written_by"", ""metapath:APA"", ""metapath:APVPA"", ""metapath:APTPA""]","{""metapath:APA"": 334, ""metapath:APTPA"": 334, ""metapath:APVPA"": 334, ""self"": 334, ""typed:written_by"": 4231}","{""metapath:APA"": 0.686633288860321, ""metapath:APTPA"": 0.6911433339118958, ""metapath:APVPA"": 0.694572389125824, ""typed:written_by"": 0.7008041739463806}","[""APA"", ""APVPA"", ""APTPA"", ""APCPA""]","{""APCPA"": ""schema_missing""}",False,False,False,False,False,False,"{""metapath:APA"": 2, ""metapath:APTPA"": 4, ""metapath:APVPA"": 4, ""typed:written_by"": 1}","{""metapath:APA"": 5420152, ""metapath:APTPA"": 5420152, ""metapath:APVPA"": 5420152, ""typed:written_by"": 68660668}",0,4.830876400000001,0.0,4.921306600000001,2.6743316650390625,0.0,small_full_schema,,experiments\logs\t0s_sfb_v2_fullgraph_seed42\dblp_B2_metapath_seed42.json
imdb,B0_self,42,completed,completed,0.3332292437553406,0.2967915952205658,0.3260893605530315,5,1.4340534980882036,0.6,False,0.45,False,sfb_v2,"[""self""]","{""self"": 3489}",{},[],{},False,False,False,False,False,False,{},{},0,5.839185299999997,0.0,5.841076600000001,2.6413230895996094,0.0,small_full_schema,,experiments\logs\t0s_sfb_v2_fullgraph_seed42\imdb_B0_self_seed42.json
imdb,B1_typed_demand,42,completed,completed,0.3475952446460724,0.2827941611409187,0.32805823537319,5,1.2358875084032088,0.6,False,0.45,False,sfb_v2,"[""self"", ""typed:directs"", ""typed:acts_in""]","{""self"": 3489, ""typed:acts_in"": 3341, ""typed:directs"": 3341}","{""typed:acts_in"": 0.7054798007011414, ""typed:directs"": 0.7024610042572021}",[],{},False,False,False,False,False,False,"{""typed:acts_in"": 1, ""typed:directs"": 1}","{""typed:acts_in"": 65911248, ""typed:directs"": 65911248}",0,11.054215499999998,0.0,11.093343500000003,2.6685943603515625,0.0,small_full_schema,,experiments\logs\t0s_sfb_v2_fullgraph_seed42\imdb_B1_typed_demand_seed42.json
imdb,B2_metapath,42,completed,completed,0.35352903604507446,0.2843838885426521,0.335682670482627,5,1.2000303256758664,0.6,False,0.45,False,sfb_v2,"[""self"", ""typed:directs"", ""typed:acts_in"", ""metapath:MAM"", ""metapath:MDM"", ""metapath:MKM""]","{""metapath:MAM"": 3489, ""metapath:MDM"": 3489, ""metapath:MKM"": 3489, ""self"": 3489, ""typed:acts_in"": 3341, ""typed:directs"": 3341}","{""metapath:MAM"": 0.6960462927818298, ""metapath:MDM"": 0.6909087896347046, ""metapath:MKM"": 0.6968992352485657, ""typed:acts_in"": 0.6942358016967773, ""typed:directs"": 0.6882330179214478}","[""metapath:MAM"", ""metapath:MDM"", ""metapath:MKM""]",{},False,False,False,False,False,False,"{""metapath:MAM"": 2, ""metapath:MDM"": 2, ""metapath:MKM"": 2, ""typed:acts_in"": 1, ""typed:directs"": 1}","{""metapath:MAM"": 68830992, ""metapath:MDM"": 68830992, ""metapath:MKM"": 68830992, ""typed:acts_in"": 65911248, ""typed:directs"": 65911248}",0,16.6493945,0.0,16.8544876,3.0283050537109375,0.0,small_full_schema,,experiments\logs\t0s_sfb_v2_fullgraph_seed42\imdb_B2_metapath_seed42.json
imdb,B3_scap_v2,42,completed,completed,0.35352903604507446,0.2843838885426521,0.335682670482627,5,1.2000303256758664,0.6,False,0.45,False,sfb_v2,"[""self"", ""typed:directs"", ""typed:acts_in"", ""metapath:MAM"", ""metapath:MDM"", ""metapath:MKM""]","{""metapath:MAM"": 3489, ""metapath:MDM"": 3489, ""metapath:MKM"": 3489, ""self"": 3489, ""typed:acts_in"": 3341, ""typed:directs"": 3341}","{""metapath:MAM"": 0.6960462927818298, ""metapath:MDM"": 0.6909087896347046, ""metapath:MKM"": 0.6968992352485657, ""typed:acts_in"": 0.6942358016967773, ""typed:directs"": 0.6882330179214478}","[""metapath:MAM"", ""metapath:MDM"", ""metapath:MKM""]",{},False,False,False,False,False,False,"{""metapath:MAM"": 2, ""metapath:MDM"": 2, ""metapath:MKM"": 2, ""typed:acts_in"": 1, ""typed:directs"": 1}","{""metapath:MAM"": 68830992, ""metapath:MDM"": 68830992, ""metapath:MKM"": 68830992, ""typed:acts_in"": 65911248, ""typed:directs"": 65911248}",0,16.514373500000005,0.0,16.722486200000006,3.0223159790039062,0.0,small_full_schema,,experiments\logs\t0s_sfb_v2_fullgraph_seed42\imdb_B3_scap_v2_seed42.json
imdb,B4_logit_prop,42,completed,completed,0.35352903604507446,0.2843838885426521,0.335682670482627,5,1.2000303256758664,0.6,False,0.45,False,sfb_v2,"[""self"", ""typed:directs"", ""typed:acts_in"", ""metapath:MAM"", ""metapath:MDM"", ""metapath:MKM""]","{""metapath:MAM"": 3489, ""metapath:MDM"": 3489, ""metapath:MKM"": 3489, ""self"": 3489, ""typed:acts_in"": 3341, ""typed:directs"": 3341}","{""metapath:MAM"": 0.6960462927818298, ""metapath:MDM"": 0.6909087896347046, ""metapath:MKM"": 0.6968992352485657, ""typed:acts_in"": 0.6942358016967773, ""typed:directs"": 0.6882330179214478}","[""metapath:MAM"", ""metapath:MDM"", ""metapath:MKM""]",{},False,False,False,False,False,False,"{""metapath:MAM"": 2, ""metapath:MDM"": 2, ""metapath:MKM"": 2, ""typed:acts_in"": 1, ""typed:directs"": 1}","{""metapath:MAM"": 68830992, ""metapath:MDM"": 68830992, ""metapath:MKM"": 68830992, ""typed:acts_in"": 65911248, ""typed:directs"": 65911248}",0,16.5697871,0.0,16.773331600000006,3.0055160522460938,0.0,small_full_schema,,experiments\logs\t0s_sfb_v2_fullgraph_seed42\imdb_B4_logit_prop_seed42.json
ogbn-arxiv,B0_self,42,completed,completed_bounded_edges_5000000,0.35767340660095215,0.09558469322510063,0.3037463948870476,16,1.836801466713483,0.7,False,0.7,False,sfb_v2,"[""self""]","{""self"": 64}",{},[],{},False,False,False,False,False,False,{},{},0,0.6462647999999831,0.0,0.6599041000000057,3.126789093017578,0.0,bounded_edges,,experiments\logs\t0s_sfb_v2_fullgraph_seed42\ogbn-arxiv_B0_self_seed42.json
ogbn-arxiv,B1_typed_demand,42,completed,completed_bounded_edges_5000000,0.5149476528167725,0.19514889530837537,0.47608575316647916,24,2.2591940185547665,0.7,False,0.7,False,sfb_v2,"[""self"", ""typed:cite_ref"", ""typed:cited_by"", ""structure""]","{""self"": 64, ""structure"": 22, ""typed:cite_ref"": 64, ""typed:cited_by"": 64}","{""structure"": 0.6791418194770813, ""typed:cite_ref"": 0.6998811364173889, ""typed:cited_by"": 0.700965404510498}",[],{},False,False,False,False,False,False,"{""structure"": 1, ""typed:cite_ref"": 1, ""typed:cited_by"": 1}","{""structure"": 14902184, ""typed:cite_ref"": 43351808, ""typed:cited_by"": 43351808}",0,2.3662029999999845,0.0,2.4752213000000154,3.1698532104492188,0.0,bounded_edges,,experiments\logs\t0s_sfb_v2_fullgraph_seed42\ogbn-arxiv_B1_typed_demand_seed42.json
ogbn-arxiv,B2_metapath,42,completed,completed_bounded_edges_5000000,0.5149476528167725,0.19514889530837537,0.47608575316647916,24,2.2591940185547665,0.7,False,0.7,False,sfb_v2,"[""self"", ""typed:cite_ref"", ""typed:cited_by"", ""structure""]","{""self"": 64, ""structure"": 22, ""typed:cite_ref"": 64, ""typed:cited_by"": 64}","{""structure"": 0.6791418194770813, ""typed:cite_ref"": 0.6998811364173889, ""typed:cited_by"": 0.700965404510498}",[],{},False,False,False,False,False,False,"{""structure"": 1, ""typed:cite_ref"": 1, ""typed:cited_by"": 1}","{""structure"": 14902184, ""typed:cite_ref"": 43351808, ""typed:cited_by"": 43351808}",0,2.3742366000000175,0.0,2.4886802000000046,3.181549072265625,0.0,bounded_edges,,experiments\logs\t0s_sfb_v2_fullgraph_seed42\ogbn-arxiv_B2_metapath_seed42.json
ogbn-arxiv,B3_scap_v2,42,completed,completed_bounded_edges_5000000,0.516819953918457,0.1844054448418319,0.46646713416923796,25,2.126128925722151,0.7,False,0.7,False,sfb_v2,"[""self"", ""typed:cite_ref"", ""typed:cited_by"", ""structure"", ""scap_v2:cite_ref"", ""scap_v2:cited_by""]","{""scap_v2:cite_ref"": 8, ""scap_v2:cited_by"": 8, ""self"": 64, ""structure"": 22, ""typed:cite_ref"": 64, ""typed:cited_by"": 64}","{""scap_v2:cite_ref"": 0.6793147921562195, ""scap_v2:cited_by"": 0.6762791872024536, ""structure"": 0.6777470111846924, ""typed:cite_ref"": 0.6995450854301453, ""typed:cited_by"": 0.7005953788757324}",[],{},False,False,False,False,False,False,"{""scap_v2:cite_ref"": 1, ""scap_v2:cited_by"": 1, ""structure"": 1, ""typed:cite_ref"": 1, ""typed:cited_by"": 1}","{""scap_v2:cite_ref"": 16256928, ""scap_v2:cited_by"": 16256928, ""structure"": 14902184, ""typed:cite_ref"": 43351808, ""typed:cited_by"": 43351808}",0,3.5543105999999796,0.0,3.772106100000002,3.2770843505859375,0.0,bounded_edges,,experiments\logs\t0s_sfb_v2_fullgraph_seed42\ogbn-arxiv_B3_scap_v2_seed42.json
ogbn-arxiv,B4_logit_prop,42,completed,completed_bounded_edges_5000000,0.4784272611141205,0.15381201778072864,0.42901234039119374,23,2.0480785021301164,0.7,False,0.7,False,sfb_v2,"[""self"", ""typed:cite_ref"", ""typed:cited_by"", ""structure"", ""scap_v2:cite_ref"", ""scap_v2:cited_by"", ""logit_prop""]","{""logit_prop"": 40, ""scap_v2:cite_ref"": 8, ""scap_v2:cited_by"": 8, ""self"": 64, ""structure"": 22, ""typed:cite_ref"": 64, ""typed:cited_by"": 64}","{""logit_prop"": 0.6965018510818481, ""scap_v2:cite_ref"": 0.6862905621528625, ""scap_v2:cited_by"": 0.6846054196357727, ""structure"": 0.6850574612617493, ""typed:cite_ref"": 0.6907812356948853, ""typed:cited_by"": 0.69229656457901}",[],{},False,False,False,False,False,False,"{""logit_prop"": 1, ""scap_v2:cite_ref"": 1, ""scap_v2:cited_by"": 1, ""structure"": 1, ""typed:cite_ref"": 1, ""typed:cited_by"": 1}","{""logit_prop"": 27094880, ""scap_v2:cite_ref"": 16256928, ""scap_v2:cited_by"": 16256928, ""structure"": 14902184, ""typed:cite_ref"": 43351808, ""typed:cited_by"": 43351808}",0,2.36346420000001,0.0,6.204124199999995,2.0685653686523438,0.0,bounded_edges,,experiments\logs\t0s_sfb_v2_fullgraph_seed42\ogbn-arxiv_B4_logit_prop_seed42.json
ogbn-products,B0_self,42,completed,completed_bounded_edges_5000000,0.03449790179729462,0.02563670493178661,0.05507294989658261,32,2.027784328911337,0.72,False,0.72,False,sfb_v2,"[""self""]","{""self"": 64}",{},[],{},False,False,False,False,False,False,{},{},0,1.9770742000000041,0.0,2.068583200000006,7.217353820800781,0.0,bounded_edges,,experiments\logs\t0s_sfb_v2_fullgraph_seed42\ogbn-products_B0_self_seed42.json
ogbn-products,B1_typed_demand,42,completed,completed_bounded_edges_5000000,0.01358190830796957,0.020973218601429446,0.02545290968461757,35,2.2799845611870504,0.72,False,0.72,False,sfb_v2,"[""self"", ""typed:co_purchase"", ""typed:co_purchased_by"", ""structure""]","{""self"": 64, ""structure"": 22, ""typed:co_purchase"": 64, ""typed:co_purchased_by"": 64}","{""structure"": 0.6875899434089661, ""typed:co_purchase"": 0.7098825573921204, ""typed:co_purchased_by"": 0.7108680605888367}",[],{},False,False,False,False,False,False,"{""structure"": 1, ""typed:co_purchase"": 1, ""typed:co_purchased_by"": 1}","{""structure"": 215514552, ""typed:co_purchase"": 626951424, ""typed:co_purchased_by"": 626951424}",0,6.046100600000017,0.0,7.993773900000008,10.003658294677734,0.0,bounded_edges,,experiments\logs\t0s_sfb_v2_fullgraph_seed42\ogbn-products_B1_typed_demand_seed42.json
ogbn-products,B2_metapath,42,completed,completed_bounded_edges_5000000,0.01358190830796957,0.020973218601429446,0.02545290968461757,35,2.2799845611870504,0.72,False,0.72,False,sfb_v2,"[""self"", ""typed:co_purchase"", ""typed:co_purchased_by"", ""structure""]","{""self"": 64, ""structure"": 22, ""typed:co_purchase"": 64, ""typed:co_purchased_by"": 64}","{""structure"": 0.6875899434089661, ""typed:co_purchase"": 0.7098825573921204, ""typed:co_purchased_by"": 0.7108680605888367}",[],{},False,False,False,False,False,False,"{""structure"": 1, ""typed:co_purchase"": 1, ""typed:co_purchased_by"": 1}","{""structure"": 215514552, ""typed:co_purchase"": 626951424, ""typed:co_purchased_by"": 626951424}",0,5.754260099999982,0.0,7.5496445999999935,9.991218566894531,0.0,bounded_edges,,experiments\logs\t0s_sfb_v2_fullgraph_seed42\ogbn-products_B2_metapath_seed42.json
ogbn-products,B3_scap_v2,42,completed,completed_bounded_edges_5000000,0.013050977140665054,0.017244928872505044,0.02440233183470654,37,1.7894445466513718,0.72,False,0.72,False,sfb_v2,"[""self"", ""typed:co_purchase"", ""typed:co_purchased_by"", ""structure"", ""scap_v2:co_purchase"", ""scap_v2:co_purchased_by""]","{""scap_v2:co_purchase"": 8, ""scap_v2:co_purchased_by"": 8, ""self"": 64, ""structure"": 22, ""typed:co_purchase"": 64, ""typed:co_purchased_by"": 64}","{""scap_v2:co_purchase"": 0.6944047808647156, ""scap_v2:co_purchased_by"": 0.6876595616340637, ""structure"": 0.6820281744003296, ""typed:co_purchase"": 0.7094916701316833, ""typed:co_purchased_by"": 0.7103740572929382}",[],{},False,False,False,False,False,False,"{""scap_v2:co_purchase"": 1, ""scap_v2:co_purchased_by"": 1, ""structure"": 1, ""typed:co_purchase"": 1, ""typed:co_purchased_by"": 1}","{""scap_v2:co_purchase"": 235106784, ""scap_v2:co_purchased_by"": 235106784, ""structure"": 215514552, ""typed:co_purchase"": 626951424, ""typed:co_purchased_by"": 626951424}",0,8.18390980000001,0.0,11.405855400000007,13.56113052368164,0.0,bounded_edges,,experiments\logs\t0s_sfb_v2_fullgraph_seed42\ogbn-products_B3_scap_v2_seed42.json
ogbn-products,B4_logit_prop,42,completed,completed_bounded_edges_5000000,0.17556576430797577,0.05002565026138364,0.18192531351689956,17,1.5930970547275334,0.72,False,0.72,False,sfb_v2,"[""self"", ""typed:co_purchase"", ""typed:co_purchased_by"", ""structure"", ""scap_v2:co_purchase"", ""scap_v2:co_purchased_by"", ""logit_prop""]","{""logit_prop"": 47, ""scap_v2:co_purchase"": 8, ""scap_v2:co_purchased_by"": 8, ""self"": 64, ""structure"": 22, ""typed:co_purchase"": 64, ""typed:co_purchased_by"": 64}","{""logit_prop"": 0.7001233100891113, ""scap_v2:co_purchase"": 0.6924826502799988, ""scap_v2:co_purchased_by"": 0.6938320994377136, ""structure"": 0.6925758123397827, ""typed:co_purchase"": 0.698265016078949, ""typed:co_purchased_by"": 0.6983569860458374}",[],{},False,False,False,False,False,False,"{""logit_prop"": 1, ""scap_v2:co_purchase"": 1, ""scap_v2:co_purchased_by"": 1, ""structure"": 1, ""typed:co_purchase"": 1, ""typed:co_purchased_by"": 1}","{""logit_prop"": 460417452, ""scap_v2:co_purchase"": 235106784, ""scap_v2:co_purchased_by"": 235106784, ""structure"": 215514552, ""typed:co_purchase"": 626951424, ""typed:co_purchased_by"": 626951424}",0,6.674152300000003,0.0,18.56747249999998,13.615497589111328,0.0,bounded_edges,,experiments\logs\t0s_sfb_v2_fullgraph_seed42\ogbn-products_B4_logit_prop_seed42.json
