dataset,method,seed,ratio_mode,requested_full_node_ratio,actual_full_node_ratio,target_prototypes,shadow_nodes,total_condensed_nodes,total_condensed_edges,accuracy,macro_f1,predicted_classes,predicted_class_count,precompute_time,condensation_time,training_time,inference_time,peak_cpu_ram,peak_gpu_ram,cache_bytes,full_edge_scans,hnr_edge_scans,hnr_cache_bytes,fdm_signature_dim,fdm_num_subclasses,fdm_candidate_pool_size,fdm_mode,hnr_hist_mode,shadow_b,uses_logits_as_input,uses_teacher_logits,uses_kd,uses_dense_p2,uses_e_by_d_materialization,uses_full_edge_index_on_gpu,uses_all_target_cache,uses_exact_pairwise,full_class_kmeans,status,promoted,promotion_status,failure_reason,notes,source_table
ogbn-products,P0_identity_replay,42,full_node,0.0005,0.0005001982418338044,1225,0,1225,1225,0.7555780580193042,0.4046991170720907,47,47,0.34189139999999973,,,,1.311309814453125,0.0,209984820,,0,0,,,,none,none,,False,False,False,False,False,False,False,False,False,completed_fullgraph_replay,False,not_promoted,identity_reference_only,P0,experiments\tables\t25_products_recovery_ladder_seed42.csv
ogbn-products,P1_selected_real_prototypes_replay,42,full_node,0.0005,0.0005001982418338044,1225,0,1225,1225,0.10049609347288475,0.05600118653478825,38,38,0.34189139999999973,19.4565334,0.3015397000000002,18.2794579,1.311309814453125,0.0,209984820,,0,0,534,,,none,none,,False,False,False,False,False,False,False,False,False,completed_streaming,False,not_promoted,products_t25_gate_not_met,P1,experiments\tables\t25_products_recovery_ladder_seed42.csv
ogbn-products,P2_hnr_fdm_prototype_oracle,42,full_node,0.0005,0.0005001982418338044,1225,0,1225,1225,0.0006931481805312118,0.005752349819509904,29,29,0.34189139999999973,4.056140499999998,0.05657449999999997,3.9943127999999994,1.311309814453125,0.0,209984820,,0,0,128,467,80,lite,none,,False,False,False,False,False,False,False,False,False,completed_streaming,False,not_promoted,products_t25_gate_not_met,P2,experiments\tables\t25_products_recovery_ladder_seed42.csv
ogbn-products,P3_hnr_fdm_shadow_b1,42,full_node,0.0005,0.0005001982418338044,1225,0,1225,1225,0.007570859038331456,0.02498478202578895,38,38,0.34189139999999973,4.054376900000001,0.04238520000000179,4.0066381,1.311309814453125,0.0,209984820,,0,0,128,467,80,lite,none,1,False,False,False,False,False,False,False,False,False,completed_streaming,False,not_promoted,shadow_materialization_not_trained,P3,experiments\tables\t25_products_recovery_ladder_seed42.csv
ogbn-products,P3_hnr_fdm_shadow_b2,42,full_node,0.0005,0.0005001982418338044,1225,0,1225,2450,0.0286151812103524,0.037082679156536756,40,40,0.34189139999999973,4.087206500000001,0.04268729999999721,4.039765300000006,1.311309814453125,0.0,209984820,,0,0,128,467,80,lite,none,2,False,False,False,False,False,False,False,False,False,completed_streaming,False,not_promoted,shadow_materialization_not_trained,P3,experiments\tables\t25_products_recovery_ladder_seed42.csv
ogbn-products,P0_identity_replay,42,full_node,0.001,0.0009999881585722342,2449,0,2449,2449,0.7555780580193042,0.4046991170720907,47,47,0.34189139999999973,,,,5.510505676269531,1.271683692932129,209984820,,0,0,,,,none,none,,False,False,False,False,False,False,False,False,False,completed_fullgraph_replay,False,not_promoted,identity_reference_only,P0,experiments\tables\t25_products_recovery_ladder_seed42.csv
ogbn-products,P1_selected_real_prototypes_replay,42,full_node,0.001,0.0009999881585722342,2449,0,2449,2449,0.06170690676524372,0.0571249905020672,38,38,0.34189139999999973,4.183033000000002,0.06633960000000627,4.111563400000001,5.510505676269531,1.271683692932129,209984820,,0,0,534,,,none,none,,False,False,False,False,False,False,False,False,False,completed_streaming,False,not_promoted,products_t25_gate_not_met,P1,experiments\tables\t25_products_recovery_ladder_seed42.csv
ogbn-products,P2_hnr_fdm_prototype_oracle,42,full_node,0.001,0.0009999881585722342,2449,0,2449,2449,0.04874087870765369,0.0313827694162128,37,37,0.34189139999999973,4.126819699999999,0.06253599999999437,4.058415799999999,5.510505676269531,1.271683692932129,209984820,,0,0,128,467,160,lite,none,,False,False,False,False,False,False,False,False,False,completed_streaming,False,not_promoted,products_t25_gate_not_met,P2,experiments\tables\t25_products_recovery_ladder_seed42.csv
ogbn-products,P3_hnr_fdm_shadow_b1,42,full_node,0.001,0.0009999881585722342,2449,0,2449,2449,0.03653894033277438,0.03821091279641932,37,37,0.34189139999999973,4.0698355999999976,0.0537319000000025,4.0111378,5.510505676269531,1.271683692932129,209984820,,0,0,128,467,160,lite,none,1,False,False,False,False,False,False,False,False,False,completed_streaming,False,not_promoted,shadow_materialization_not_trained,P3,experiments\tables\t25_products_recovery_ladder_seed42.csv
ogbn-products,P3_hnr_fdm_shadow_b2,42,full_node,0.001,0.0009999881585722342,2449,0,2449,4898,0.03389467491395519,0.03317839398667312,33,33,0.34189139999999973,4.095943699999999,0.05044649999999962,4.040188900000004,5.510505676269531,1.271683692932129,209984820,,0,0,128,467,160,lite,none,2,False,False,False,False,False,False,False,False,False,completed_streaming,False,not_promoted,shadow_materialization_not_trained,P3,experiments\tables\t25_products_recovery_ladder_seed42.csv
ogbn-products,P0_identity_replay,42,full_node,0.0025,0.0025001745589782725,6123,0,6123,6123,0.7555780580193042,0.4046991170720907,47,47,0.34189139999999973,,,,5.580104827880859,1.2743430137634277,209984820,,0,0,,,,none,none,,False,False,False,False,False,False,False,False,False,completed_fullgraph_replay,False,not_promoted,identity_reference_only,P0,experiments\tables\t25_products_recovery_ladder_seed42.csv
ogbn-products,P1_selected_real_prototypes_replay,42,full_node,0.0025,0.002489966431593909,6098,0,6098,6098,0.08198804296795749,0.04286723753284472,34,34,0.34189139999999973,4.105564700000002,0.13358860000000305,3.9656742000000023,5.580104827880859,1.2743430137634277,209984820,,0,0,534,,,none,none,,False,False,False,False,False,False,False,False,False,completed_streaming,False,not_promoted,products_t25_gate_not_met,P1,experiments\tables\t25_products_recovery_ladder_seed42.csv
ogbn-products,P2_hnr_fdm_prototype_oracle,42,full_node,0.0025,0.0025001745589782725,6123,0,6123,6123,0.1261082350432043,0.09777620150207107,36,36,0.34189139999999973,4.1506596999999985,0.12411910000000148,4.021206900000003,5.580104827880859,1.2743430137634277,209984820,,0,0,128,467,416,lite,none,,False,False,False,False,False,False,False,False,False,completed_streaming,False,not_promoted,products_t25_gate_not_met,P2,experiments\tables\t25_products_recovery_ladder_seed42.csv
ogbn-products,P3_hnr_fdm_shadow_b1,42,full_node,0.0025,0.0025001745589782725,6123,0,6123,6123,0.2046097517002238,0.12613426122985633,31,31,0.34189139999999973,4.137157500000001,0.12740509999999716,4.00467119999999,5.580104827880859,1.2743430137634277,209984820,,0,0,128,467,416,lite,none,1,False,False,False,False,False,False,False,False,False,completed_streaming,False,not_promoted,shadow_materialization_not_trained,P3,experiments\tables\t25_products_recovery_ladder_seed42.csv
ogbn-products,P3_hnr_fdm_shadow_b2,42,full_node,0.0025,0.0025001745589782725,6123,0,6123,12246,0.16920632725902368,0.1183319577852288,36,36,0.34189139999999973,4.1290043999999995,0.11332489999999495,4.00924400000001,5.580104827880859,1.2743430137634277,209984820,,0,0,128,467,416,lite,none,2,False,False,False,False,False,False,False,False,False,completed_streaming,False,not_promoted,shadow_materialization_not_trained,P3,experiments\tables\t25_products_recovery_ladder_seed42.csv
ogbn-products,P0_identity_replay,42,full_node,0.005,0.00499994079286117,12245,0,12245,12245,0.7555780580193042,0.4046991170720907,47,47,0.34189139999999973,,,,5.632835388183594,1.2743430137634277,209984820,,0,0,,,,none,none,,False,False,False,False,False,False,False,False,False,completed_fullgraph_replay,False,not_promoted,identity_reference_only,P0,experiments\tables\t25_products_recovery_ladder_seed42.csv
ogbn-products,P1_selected_real_prototypes_replay,42,full_node,0.005,0.004959924933514466,12147,0,12147,12147,0.1519146749952894,0.0967926371510277,30,30,0.34189139999999973,4.155128499999989,0.20298300000000324,3.9452666000000107,5.632835388183594,1.2743430137634277,209984820,,0,0,534,,,none,none,,False,False,False,False,False,False,False,False,False,completed_streaming,False,not_promoted,products_t25_gate_not_met,P1,experiments\tables\t25_products_recovery_ladder_seed42.csv
ogbn-products,P2_hnr_fdm_prototype_oracle,42,full_node,0.005,0.00499994079286117,12245,0,12245,12245,0.28839031020414435,0.17021558791081592,37,37,0.34189139999999973,4.146586299999996,0.20416600000000074,3.9366263000000004,5.632835388183594,1.2743430137634277,209984820,,0,0,128,467,816,lite,none,,False,False,False,False,False,False,False,False,False,completed_streaming,False,not_promoted,products_t25_gate_not_met,P2,experiments\tables\t25_products_recovery_ladder_seed42.csv
ogbn-products,P3_hnr_fdm_shadow_b1,42,full_node,0.005,0.00499994079286117,12245,0,12245,12245,0.26935810592515175,0.20213225646425712,40,40,0.34189139999999973,4.191822299999998,0.18723319999999433,3.998730699999996,5.632835388183594,1.2743430137634277,209984820,,0,0,128,467,816,lite,none,1,False,False,False,False,False,False,False,False,False,completed_streaming,False,not_promoted,shadow_materialization_not_trained,P3,experiments\tables\t25_products_recovery_ladder_seed42.csv
ogbn-products,P3_hnr_fdm_shadow_b2,42,full_node,0.005,0.00499994079286117,12245,0,12245,24490,0.16941915176556227,0.14921068889307768,37,37,0.34189139999999973,4.170122399999997,0.19969489999999723,3.965491499999999,5.632835388183594,1.2743430137634277,209984820,,0,0,128,467,816,lite,none,2,False,False,False,False,False,False,False,False,False,completed_streaming,False,not_promoted,shadow_materialization_not_trained,P3,experiments\tables\t25_products_recovery_ladder_seed42.csv
Reddit,current_sft_signature_random,42,full_node,0.001,0.0010001502371600884,233,0,233,233,0.8983896738057197,0.8433886102863218,41,41,12.086885500000001,0.04809183249999976,3.4999653000000013,1.339831499999999,2.171039581298828,0.9651956558227539,344665232,13,1,56462608,446,,,none,topk,,False,False,False,False,False,False,False,False,False,completed_streaming,False,not_promoted,acceptance_gate_not_met,trained T25 selection over full Reddit streaming-preprop memmap blocks,experiments\tables\t25_reddit_hnr_fdm_ratio_sweep_seed42.csv
Reddit,current_sft_signature_medoid,42,full_node,0.001,0.0010001502371600884,233,0,233,233,0.9127515573667486,0.8714283868911621,41,41,12.086885500000001,0.07831823249999986,0.2457564000000012,0.08894519999999773,2.1888771057128906,0.9651956558227539,344665232,13,1,56462608,446,,,none,topk,,False,False,False,False,False,False,False,False,False,completed_streaming,False,not_promoted,acceptance_gate_not_met,trained T25 selection over full Reddit streaming-preprop memmap blocks,experiments\tables\t25_reddit_hnr_fdm_ratio_sweep_seed42.csv
Reddit,current_sft_signature_kcenter,42,full_node,0.001,0.0010001502371600884,233,0,233,233,0.8673680053138969,0.8233612044131783,41,41,12.086885500000001,0.1092882324999998,0.25554650000000123,0.08709670000000003,2.189037322998047,0.9651956558227539,344665232,13,1,56462608,446,,,none,topk,,False,False,False,False,False,False,False,False,False,completed_streaming,False,not_promoted,acceptance_gate_not_met,trained T25 selection over full Reddit streaming-preprop memmap blocks,experiments\tables\t25_reddit_hnr_fdm_ratio_sweep_seed42.csv
Reddit,current_sft_signature_shadow_b1,42,full_node,0.001,0.0010001502371600884,233,0,233,233,0.9153905534710878,0.8746059467852552,41,41,12.086885500000001,0.09239533250000137,0.24603000000000108,0.08973930000000152,2.1838531494140625,0.9651956558227539,344665232,13,1,56462608,446,,,none,topk,1,False,False,False,False,False,False,False,False,False,completed_streaming_diagnostic,False,not_promoted,shadow_materialization_not_trained,trained T25 selection over full Reddit streaming-preprop memmap blocks; shadow graph materialization is not trained in this SFT-row runner,experiments\tables\t25_reddit_hnr_fdm_ratio_sweep_seed42.csv
Reddit,sft_hnr_random,42,full_node,0.001,0.0010001502371600884,233,0,233,233,0.8959302012458934,0.8454848241770149,41,41,12.086885500000001,0.2559872325000015,0.2313603999999998,0.08665410000000051,2.7637863159179688,0.9651956558227539,344665232,13,1,56462608,128,233,16,lite,topk,,False,False,False,False,False,False,False,False,False,completed_streaming,False,not_promoted,acceptance_gate_not_met,trained T25 selection over full Reddit streaming-preprop memmap blocks,experiments\tables\t25_reddit_hnr_fdm_ratio_sweep_seed42.csv
Reddit,sft_hnr_fdm_herding,42,full_node,0.001,0.0010001502371600884,233,0,233,233,0.9117103208085741,0.8713230962144167,41,41,12.086885500000001,0.2527683324999977,0.2474014000000011,0.09016559999999885,3.353973388671875,0.9651956558227539,344665232,13,1,56462608,128,233,16,lite,topk,,False,False,False,False,False,False,False,False,False,completed_streaming,False,not_promoted,acceptance_gate_not_met,trained T25 selection over full Reddit streaming-preprop memmap blocks,experiments\tables\t25_reddit_hnr_fdm_ratio_sweep_seed42.csv
Reddit,sft_hnr_fdm_kcenter,42,full_node,0.001,0.0010001502371600884,233,0,233,233,0.9110101789849738,0.8723440088839591,41,41,12.086885500000001,0.26592633249999836,0.2540173999999986,0.08749259999999737,3.7477455139160156,0.9651956558227539,344665232,13,1,56462608,128,233,16,lite,topk,,False,False,False,False,False,False,False,False,False,completed_streaming,False,not_promoted,acceptance_gate_not_met,trained T25 selection over full Reddit streaming-preprop memmap blocks,experiments\tables\t25_reddit_hnr_fdm_ratio_sweep_seed42.csv
Reddit,sft_hnr_fdm_hybrid,42,full_node,0.001,0.0010001502371600884,233,0,233,233,0.9215841157567815,0.884890777869315,41,41,12.086885500000001,0.2627798325000022,0.24417220000000128,0.09256000000000242,3.729137420654297,0.9651956558227539,344665232,13,1,56462608,128,233,16,lite,topk,,False,False,False,False,False,False,False,False,False,completed_streaming,False,not_promoted,acceptance_gate_not_met,trained T25 selection over full Reddit streaming-preprop memmap blocks,experiments\tables\t25_reddit_hnr_fdm_ratio_sweep_seed42.csv
Reddit,sft_hnr_fdm_shadow_b1,42,full_node,0.001,0.0010001502371600884,233,0,233,233,0.914780173419744,0.87557238881603,41,41,12.086885500000001,0.26414623250000063,0.242147199999998,0.07902209999999954,3.732982635498047,0.9651956558227539,344665232,13,1,56462608,128,233,16,lite,topk,1,False,False,False,False,False,False,False,False,False,completed_streaming_diagnostic,False,not_promoted,shadow_materialization_not_trained,trained T25 selection over full Reddit streaming-preprop memmap blocks; shadow graph materialization is not trained in this SFT-row runner,experiments\tables\t25_reddit_hnr_fdm_ratio_sweep_seed42.csv
Reddit,sft_hnr_fdm_shadow_b2,42,full_node,0.001,0.0010001502371600884,233,0,233,233,0.911333321365097,0.8705033164012371,41,41,12.086885500000001,0.27334283249999985,0.25005780000000044,0.08852199999999755,3.729339599609375,0.9651956558227539,344665232,13,1,56462608,128,233,16,lite,topk,2,False,False,False,False,False,False,False,False,False,completed_streaming_diagnostic,False,not_promoted,shadow_materialization_not_trained,trained T25 selection over full Reddit streaming-preprop memmap blocks; shadow graph materialization is not trained in this SFT-row runner,experiments\tables\t25_reddit_hnr_fdm_ratio_sweep_seed42.csv
Reddit,current_sft_signature_random,42,full_node,0.0025,0.0024982293477561006,582,0,582,582,0.9163958853203598,0.8805489216328221,41,41,12.086885500000001,0.07780843250000019,0.2652551999999986,0.08887890000000098,3.2752838134765625,0.9651956558227539,344665232,13,1,56462608,446,,,none,topk,,False,False,False,False,False,False,False,False,False,completed_streaming,False,not_promoted,acceptance_gate_not_met,trained T25 selection over full Reddit streaming-preprop memmap blocks,experiments\tables\t25_reddit_hnr_fdm_ratio_sweep_seed42.csv
Reddit,current_sft_signature_medoid,42,full_node,0.0025,0.0024982293477561006,582,0,582,582,0.9099868947812506,0.8773157884466924,41,41,12.086885500000001,0.07764933250000255,0.24332839999999933,0.08831749999999872,3.319446563720703,0.9651956558227539,344665232,13,1,56462608,446,,,none,topk,,False,False,False,False,False,False,False,False,False,completed_streaming,False,not_promoted,acceptance_gate_not_met,trained T25 selection over full Reddit streaming-preprop memmap blocks,experiments\tables\t25_reddit_hnr_fdm_ratio_sweep_seed42.csv
Reddit,current_sft_signature_kcenter,42,full_node,0.0025,0.0024982293477561006,582,0,582,582,0.8960379153726011,0.8423379438366947,41,41,12.086885500000001,0.1704482325000008,0.26651569999999936,0.0814850000000007,3.3193283081054688,0.9651956558227539,344665232,13,1,56462608,446,,,none,topk,,False,False,False,False,False,False,False,False,False,completed_streaming,False,not_promoted,acceptance_gate_not_met,trained T25 selection over full Reddit streaming-preprop memmap blocks,experiments\tables\t25_reddit_hnr_fdm_ratio_sweep_seed42.csv
Reddit,current_sft_signature_shadow_b1,42,full_node,0.0025,0.0024982293477561006,582,0,582,582,0.9212968780855609,0.8824121238133515,41,41,12.086885500000001,0.08880023249999952,0.2570274000000019,0.09112419999999943,3.3323287963867188,0.9651956558227539,344665232,13,1,56462608,446,,,none,topk,1,False,False,False,False,False,False,False,False,False,completed_streaming_diagnostic,False,not_promoted,shadow_materialization_not_trained,trained T25 selection over full Reddit streaming-preprop memmap blocks; shadow graph materialization is not trained in this SFT-row runner,experiments\tables\t25_reddit_hnr_fdm_ratio_sweep_seed42.csv
Reddit,sft_hnr_random,42,full_node,0.0025,0.0024982293477561006,582,0,582,582,0.9180654542843294,0.8795818615448815,41,41,12.086885500000001,0.29167543250000066,0.25164840000000055,0.08332519999999732,3.7307090759277344,0.9651956558227539,344665232,13,1,56462608,128,582,16,lite,topk,,False,False,False,False,False,False,False,False,False,completed_streaming,False,not_promoted,acceptance_gate_not_met,trained T25 selection over full Reddit streaming-preprop memmap blocks,experiments\tables\t25_reddit_hnr_fdm_ratio_sweep_seed42.csv
Reddit,sft_hnr_fdm_herding,42,full_node,0.0025,0.0024982293477561006,582,0,582,582,0.9179577401576217,0.8764673025046401,41,41,12.086885500000001,0.291961232500001,0.2512977999999997,0.08626650000000069,3.7292098999023438,0.9651956558227539,344665232,13,1,56462608,128,582,16,lite,topk,,False,False,False,False,False,False,False,False,False,completed_streaming,False,not_promoted,acceptance_gate_not_met,trained T25 selection over full Reddit streaming-preprop memmap blocks,experiments\tables\t25_reddit_hnr_fdm_ratio_sweep_seed42.csv
Reddit,sft_hnr_fdm_kcenter,42,full_node,0.0025,0.0024982293477561006,582,0,582,582,0.9113512737195483,0.8742284765588461,41,41,12.086885500000001,0.3003227324999969,0.26443450000000013,0.08838719999999967,3.730487823486328,0.9651956558227539,344665232,13,1,56462608,128,582,16,lite,topk,,False,False,False,False,False,False,False,False,False,completed_streaming,False,not_promoted,acceptance_gate_not_met,trained T25 selection over full Reddit streaming-preprop memmap blocks,experiments\tables\t25_reddit_hnr_fdm_ratio_sweep_seed42.csv
Reddit,sft_hnr_fdm_hybrid,42,full_node,0.0025,0.0024982293477561006,582,0,582,582,0.9140441268872412,0.8730428739959687,41,41,12.086885500000001,0.30316133250000094,0.2421529999999983,0.08667210000000125,3.731189727783203,0.9651956558227539,344665232,13,1,56462608,128,582,16,lite,topk,,False,False,False,False,False,False,False,False,False,completed_streaming,False,not_promoted,acceptance_gate_not_met,trained T25 selection over full Reddit streaming-preprop memmap blocks,experiments\tables\t25_reddit_hnr_fdm_ratio_sweep_seed42.csv
Reddit,sft_hnr_fdm_shadow_b1,42,full_node,0.0025,0.0024982293477561006,582,0,582,582,0.9127695097212,0.8767842467500291,41,41,12.086885500000001,0.3027716324999979,0.24214040000000026,0.09387309999999971,3.7308807373046875,0.9651956558227539,344665232,13,1,56462608,128,582,16,lite,topk,1,False,False,False,False,False,False,False,False,False,completed_streaming_diagnostic,False,not_promoted,shadow_materialization_not_trained,trained T25 selection over full Reddit streaming-preprop memmap blocks; shadow graph materialization is not trained in this SFT-row runner,experiments\tables\t25_reddit_hnr_fdm_ratio_sweep_seed42.csv
Reddit,sft_hnr_fdm_shadow_b2,42,full_node,0.0025,0.0024982293477561006,582,0,582,582,0.9209019262876327,0.8860039685317115,41,41,12.086885500000001,0.3002186325000025,0.2586408999999996,0.08860010000000074,3.730022430419922,0.9651956558227539,344665232,13,1,56462608,128,582,16,lite,topk,2,False,False,False,False,False,False,False,False,False,completed_streaming_diagnostic,False,not_promoted,shadow_materialization_not_trained,trained T25 selection over full Reddit streaming-preprop memmap blocks; shadow graph materialization is not trained in this SFT-row runner,experiments\tables\t25_reddit_hnr_fdm_ratio_sweep_seed42.csv
Reddit,current_sft_signature_random,42,full_node,0.005,0.005000751185800442,1165,0,1165,1165,0.9233254941385562,0.885149317831537,41,41,12.086885500000001,0.07492793250000035,0.2811015999999995,0.08819839999999957,3.2408714294433594,0.9651956558227539,344665232,13,1,56462608,446,,,none,topk,,False,False,False,False,False,False,False,False,False,completed_streaming,False,not_promoted,no_regression_gate_not_met,trained T25 selection over full Reddit streaming-preprop memmap blocks,experiments\tables\t25_reddit_hnr_fdm_ratio_sweep_seed42.csv
Reddit,current_sft_signature_medoid,42,full_node,0.005,0.005000751185800442,1165,0,1165,1165,0.9228228282139203,0.8831134685348982,41,41,12.086885500000001,0.07636333249999866,0.26155869999999837,0.0871992999999982,3.355316162109375,0.9651956558227539,344665232,13,1,56462608,446,,,none,topk,,False,False,False,False,False,False,False,False,False,completed_streaming,False,not_promoted,no_regression_gate_not_met,trained T25 selection over full Reddit streaming-preprop memmap blocks,experiments\tables\t25_reddit_hnr_fdm_ratio_sweep_seed42.csv
Reddit,current_sft_signature_kcenter,42,full_node,0.005,0.005000751185800442,1165,0,1165,1165,0.9084788970073425,0.8472429744875686,41,41,12.086885500000001,0.2719805324999996,0.28403319999999965,0.0865696999999983,3.3554115295410156,0.9651956558227539,344665232,13,1,56462608,446,,,none,topk,,False,False,False,False,False,False,False,False,False,completed_streaming,False,not_promoted,no_regression_gate_not_met,trained T25 selection over full Reddit streaming-preprop memmap blocks,experiments\tables\t25_reddit_hnr_fdm_ratio_sweep_seed42.csv
Reddit,current_sft_signature_shadow_b1,42,full_node,0.005,0.005000751185800442,1165,0,1165,1165,0.9153546487621852,0.8774389012986487,41,41,12.086885500000001,0.08551453250000024,0.2599726000000011,0.08797859999999957,3.3554115295410156,0.9651956558227539,344665232,13,1,56462608,446,,,none,topk,1,False,False,False,False,False,False,False,False,False,completed_streaming_diagnostic,False,not_promoted,shadow_materialization_not_trained,trained T25 selection over full Reddit streaming-preprop memmap blocks; shadow graph materialization is not trained in this SFT-row runner,experiments\tables\t25_reddit_hnr_fdm_ratio_sweep_seed42.csv
Reddit,sft_hnr_random,42,full_node,0.005,0.005000751185800442,1165,0,1165,1165,0.9170601224350574,0.8803582097707346,41,41,12.086885500000001,0.30745623249999526,0.2983253000000019,0.08435980000000143,3.7305259704589844,0.9651956558227539,344665232,13,1,56462608,128,602,32,lite,topk,,False,False,False,False,False,False,False,False,False,completed_streaming,False,not_promoted,no_regression_gate_not_met,trained T25 selection over full Reddit streaming-preprop memmap blocks,experiments\tables\t25_reddit_hnr_fdm_ratio_sweep_seed42.csv
Reddit,sft_hnr_fdm_herding,42,full_node,0.005,0.005000751185800442,1165,0,1165,1165,0.9206685456797659,0.8863924816220402,41,41,12.086885500000001,0.3016830324999951,0.2713473000000022,0.08685390000000126,3.7313880920410156,0.9651956558227539,344665232,13,1,56462608,128,602,32,lite,topk,,False,False,False,False,False,False,False,False,False,completed_streaming,False,not_promoted,no_regression_gate_not_met,trained T25 selection over full Reddit streaming-preprop memmap blocks,experiments\tables\t25_reddit_hnr_fdm_ratio_sweep_seed42.csv
Reddit,sft_hnr_fdm_kcenter,42,full_node,0.005,0.005000751185800442,1165,0,1165,1165,0.9231280182395921,0.882975902096398,41,41,12.086885500000001,0.3186147325000029,0.2884965000000008,0.09335070000000201,3.730266571044922,0.9651956558227539,344665232,13,1,56462608,128,602,32,lite,topk,,False,False,False,False,False,False,False,False,False,completed_streaming,False,not_promoted,no_regression_gate_not_met,trained T25 selection over full Reddit streaming-preprop memmap blocks,experiments\tables\t25_reddit_hnr_fdm_ratio_sweep_seed42.csv
Reddit,sft_hnr_fdm_hybrid,42,full_node,0.005,0.005000751185800442,1165,0,1165,1165,0.9217097822379405,0.8817167425644433,41,41,12.086885500000001,0.3714853324999943,0.28616230000000087,0.08703339999999571,3.7302932739257812,0.9651956558227539,344665232,13,1,56462608,128,602,32,lite,topk,,False,False,False,False,False,False,False,False,False,completed_streaming,False,not_promoted,no_regression_gate_not_met,trained T25 selection over full Reddit streaming-preprop memmap blocks,experiments\tables\t25_reddit_hnr_fdm_ratio_sweep_seed42.csv
Reddit,sft_hnr_fdm_shadow_b1,42,full_node,0.005,0.005000751185800442,1165,0,1165,1165,0.9197529756027503,0.8794423975650453,41,41,12.086885500000001,0.3295691324999986,0.27767770000000525,0.09020449999999869,3.731231689453125,0.9651956558227539,344665232,13,1,56462608,128,602,32,lite,topk,1,False,False,False,False,False,False,False,False,False,completed_streaming_diagnostic,False,not_promoted,shadow_materialization_not_trained,trained T25 selection over full Reddit streaming-preprop memmap blocks; shadow graph materialization is not trained in this SFT-row runner,experiments\tables\t25_reddit_hnr_fdm_ratio_sweep_seed42.csv
Reddit,sft_hnr_fdm_shadow_b2,42,full_node,0.005,0.005000751185800442,1165,0,1165,1165,0.9196452614760425,0.8798299763214216,41,41,12.086885500000001,0.33554823249999616,0.28067210000000387,0.08575240000000406,3.7308349609375,0.9651956558227539,344665232,13,1,56462608,128,602,32,lite,topk,2,False,False,False,False,False,False,False,False,False,completed_streaming_diagnostic,False,not_promoted,shadow_materialization_not_trained,trained T25 selection over full Reddit streaming-preprop memmap blocks; shadow graph materialization is not trained in this SFT-row runner,experiments\tables\t25_reddit_hnr_fdm_ratio_sweep_seed42.csv
Reddit,current_sft_signature_random,42,full_node,0.01,0.010001502371600884,2330,0,2330,2330,0.9233793512019102,0.886217047127179,41,41,12.086885500000001,0.07801083249999935,0.2921049999999994,0.08128779999999836,3.274555206298828,0.9668035507202148,344665232,13,1,56462608,446,,,none,topk,,False,False,False,False,False,False,False,False,False,completed_streaming,False,not_promoted,acceptance_gate_not_met,trained T25 selection over full Reddit streaming-preprop memmap blocks,experiments\tables\t25_reddit_hnr_fdm_ratio_sweep_seed42.csv
Reddit,current_sft_signature_medoid,42,full_node,0.01,0.010001502371600884,2330,0,2330,2330,0.9222663052259303,0.8814878728371921,41,41,12.086885500000001,0.07342283250000109,0.30625560000000007,0.08807089999999818,3.3376502990722656,0.9668035507202148,344665232,13,1,56462608,446,,,none,topk,,False,False,False,False,False,False,False,False,False,completed_streaming,False,not_promoted,acceptance_gate_not_met,trained T25 selection over full Reddit streaming-preprop memmap blocks,experiments\tables\t25_reddit_hnr_fdm_ratio_sweep_seed42.csv
Reddit,current_sft_signature_kcenter,42,full_node,0.01,0.010001502371600884,2330,0,2330,2330,0.9219431628458072,0.8801208622952813,41,41,12.086885500000001,0.48003263249999933,0.2913652000000013,0.09599470000000565,3.3376998901367188,0.9668035507202148,344665232,13,1,56462608,446,,,none,topk,,False,False,False,False,False,False,False,False,False,completed_streaming,False,not_promoted,acceptance_gate_not_met,trained T25 selection over full Reddit streaming-preprop memmap blocks,experiments\tables\t25_reddit_hnr_fdm_ratio_sweep_seed42.csv
Reddit,current_sft_signature_shadow_b1,42,full_node,0.01,0.010001502371600884,2330,0,2330,2330,0.920237689172935,0.8745109862626925,41,41,12.086885500000001,0.08922123250000241,0.3188946999999942,0.09154529999999994,3.337749481201172,0.9668035507202148,344665232,13,1,56462608,446,,,none,topk,1,False,False,False,False,False,False,False,False,False,completed_streaming_diagnostic,False,not_promoted,shadow_materialization_not_trained,trained T25 selection over full Reddit streaming-preprop memmap blocks; shadow graph materialization is not trained in this SFT-row runner,experiments\tables\t25_reddit_hnr_fdm_ratio_sweep_seed42.csv
Reddit,sft_hnr_random,42,full_node,0.01,0.010001502371600884,2330,0,2330,2330,0.9205787839075095,0.8852204113072069,41,41,12.086885500000001,0.31324693250000096,0.301685599999999,0.09064260000000246,3.7312240600585938,0.9668035507202148,344665232,13,1,56462608,128,602,64,lite,topk,,False,False,False,False,False,False,False,False,False,completed_streaming,False,not_promoted,acceptance_gate_not_met,trained T25 selection over full Reddit streaming-preprop memmap blocks,experiments\tables\t25_reddit_hnr_fdm_ratio_sweep_seed42.csv
Reddit,sft_hnr_fdm_herding,42,full_node,0.01,0.010001502371600884,2330,0,2330,2330,0.9127695097212,0.87526898568368,41,41,12.086885500000001,0.3172857325000045,0.29822980000000143,0.08202390000000293,3.731658935546875,0.9668035507202148,344665232,13,1,56462608,128,602,64,lite,topk,,False,False,False,False,False,False,False,False,False,completed_streaming,False,not_promoted,acceptance_gate_not_met,trained T25 selection over full Reddit streaming-preprop memmap blocks,experiments\tables\t25_reddit_hnr_fdm_ratio_sweep_seed42.csv
Reddit,sft_hnr_fdm_kcenter,42,full_node,0.01,0.010001502371600884,2330,0,2330,2330,0.923558874746423,0.8865678667855177,41,41,12.086885500000001,0.35993833250000123,0.30767320000000353,0.08409190000000422,3.7317771911621094,0.9668035507202148,344665232,13,1,56462608,128,602,64,lite,topk,,False,False,False,False,False,False,False,False,False,completed_streaming,False,not_promoted,acceptance_gate_not_met,trained T25 selection over full Reddit streaming-preprop memmap blocks,experiments\tables\t25_reddit_hnr_fdm_ratio_sweep_seed42.csv
Reddit,sft_hnr_fdm_hybrid,42,full_node,0.01,0.010001502371600884,2330,0,2330,2330,0.9236127318097769,0.8881558607412497,41,41,12.086885500000001,0.3751167325000047,0.2954050999999964,0.08753779999999978,3.732166290283203,0.9668035507202148,344665232,13,1,56462608,128,602,64,lite,topk,,False,False,False,False,False,False,False,False,False,completed_streaming,False,not_promoted,acceptance_gate_not_met,trained T25 selection over full Reddit streaming-preprop memmap blocks,experiments\tables\t25_reddit_hnr_fdm_ratio_sweep_seed42.csv
Reddit,sft_hnr_fdm_shadow_b1,42,full_node,0.01,0.010001502371600884,2330,0,2330,2330,0.924564206595695,0.8881542321172001,41,41,12.086885500000001,0.3712029325000053,0.2978497999999945,0.09134540000000158,3.732025146484375,0.9668035507202148,344665232,13,1,56462608,128,602,64,lite,topk,1,False,False,False,False,False,False,False,False,False,completed_streaming_diagnostic,False,not_promoted,shadow_materialization_not_trained,trained T25 selection over full Reddit streaming-preprop memmap blocks; shadow graph materialization is not trained in this SFT-row runner,experiments\tables\t25_reddit_hnr_fdm_ratio_sweep_seed42.csv
Reddit,sft_hnr_fdm_shadow_b2,42,full_node,0.01,0.010001502371600884,2330,0,2330,2330,0.9180654542843294,0.8800353437565743,41,41,12.086885500000001,0.37552763249999616,0.2898731000000012,0.07896709999999985,3.7316627502441406,0.9668035507202148,344665232,13,1,56462608,128,602,64,lite,topk,2,False,False,False,False,False,False,False,False,False,completed_streaming_diagnostic,False,not_promoted,shadow_materialization_not_trained,trained T25 selection over full Reddit streaming-preprop memmap blocks; shadow graph materialization is not trained in this SFT-row runner,experiments\tables\t25_reddit_hnr_fdm_ratio_sweep_seed42.csv
ogbn-arxiv,arxiv_sft_v4_teacher,42,full_node,0.005,0.0,0,0,0,0,0.7016645063061951,0.5048992808650066,39,39,,,,,,,,,0,0,,,,,,,False,False,False,False,False,False,False,False,False,completed_replay,False,not_promoted,A1_teacher_gate_not_met,teacher-first gate; condensation is blocked until A1 passes,experiments\tables\t25_arxiv_sft_v4_teacher_seed42.csv
ogbn-arxiv,arxiv_sft_v4_teacher,42,full_node,0.005,0.0,0,0,0,0,0.7016645063061951,0.5048992808650066,39,39,,,,,,,,,0,0,,,,,,,False,False,False,False,False,False,False,False,False,ready_not_rerun,False,not_promoted,A1_teacher_gate_not_met,teacher-first gate; condensation is blocked until A1 passes,experiments\tables\t25_arxiv_sft_v4_teacher_seed42.csv
ogbn-arxiv,arxiv_sft_v4_teacher,42,full_node,0.005,0.0,0,0,0,0,0.7016645063061951,0.5048992808650066,39,39,,,,,,,,,0,0,,,,,,,False,False,False,False,False,False,False,False,False,ready_not_rerun,False,not_promoted,A1_teacher_gate_not_met,teacher-first gate; condensation is blocked until A1 passes,experiments\tables\t25_arxiv_sft_v4_teacher_seed42.csv
ogbn-arxiv,arxiv_sft_v4_teacher,42,full_node,0.005,0.0,0,0,0,0,0.7016645063061951,0.5048992808650066,39,39,,,,,,,,,0,0,,,,,,,False,False,False,False,False,False,False,False,False,ready_not_rerun,False,not_promoted,A1_teacher_gate_not_met,teacher-first gate; condensation is blocked until A1 passes,experiments\tables\t25_arxiv_sft_v4_teacher_seed42.csv
ogbn-arxiv,arxiv_sft_v4_teacher,42,full_node,0.005,0.0,0,0,0,0,0.7016645063061951,0.5048992808650066,39,39,,,,,,,,,0,0,,,,,,,False,False,False,False,False,False,False,False,False,ready_not_rerun,False,not_promoted,A1_teacher_gate_not_met,teacher-first gate; condensation is blocked until A1 passes,experiments\tables\t25_arxiv_sft_v4_teacher_seed42.csv
ogbn-arxiv,arxiv_sft_v4_teacher,42,full_node,0.005,0.0,0,0,0,0,0.7016645063061951,0.5048992808650066,39,39,,,,,,,,,0,0,,,,,,,False,False,False,False,False,False,False,False,False,ready_not_rerun,False,not_promoted,A1_teacher_gate_not_met,teacher-first gate; condensation is blocked until A1 passes,experiments\tables\t25_arxiv_sft_v4_teacher_seed42.csv
ogbn-arxiv,arxiv_sft_v4_teacher,42,full_node,0.005,0.0,0,0,0,0,0.7016645063061951,0.5048992808650066,39,39,,,,,,,,,0,0,,,,,,,False,False,False,False,False,False,False,False,False,ready_not_rerun,False,not_promoted,A1_teacher_gate_not_met,teacher-first gate; condensation is blocked until A1 passes,experiments\tables\t25_arxiv_sft_v4_teacher_seed42.csv
ogbn-arxiv,arxiv_sft_v4_teacher,42,full_node,0.005,0.0,0,0,0,0,0.7016645063061951,0.5048992808650066,39,39,,,,,,,,,0,0,,,,,,,False,False,False,False,False,False,False,False,False,ready_not_rerun,False,not_promoted,A1_teacher_gate_not_met,teacher-first gate; condensation is blocked until A1 passes,experiments\tables\t25_arxiv_sft_v4_teacher_seed42.csv
ogbn-arxiv,arxiv_sft_v4_teacher,42,full_node,0.005,0.0,0,0,0,0,0.7016645063061951,0.5048992808650066,39,39,,,,,,,,,0,0,,,,,,,False,False,False,False,False,False,False,False,False,ready_not_rerun,False,not_promoted,A1_teacher_gate_not_met,teacher-first gate; condensation is blocked until A1 passes,experiments\tables\t25_arxiv_sft_v4_teacher_seed42.csv
ogbn-papers100M,t25_ultra_safe_planner,42,full_node,0.0001,0.00010000003961824008,7774,3332,11106,7774,,,,,,,,,,,1313410752,4,1,28972296,64,344,1024,lite,topk,1,False,False,False,False,False,False,False,False,False,completed_ultra_dryrun,False,not_promoted,,train-target-only dry-run planner; no all-target cache or exact matching,experiments\tables\t25_ultra_dryrun_seed42.csv
MAG240M,t25_ultra_safe_planner,42,full_node,0.0001,9.999863164090092e-05,8522,3653,12175,8522,,,,,,,,,,,1125740704,4,1,26697408,64,306,1024,lite,topk,1,False,False,False,False,False,False,False,False,False,completed_ultra_dryrun,False,not_promoted,,train-target-only dry-run planner; no all-target cache or exact matching,experiments\tables\t25_ultra_dryrun_seed42.csv
