dataset,method,seed,ratio_mode,requested_full_node_ratio,actual_full_node_ratio,target_prototypes,shadow_nodes,total_condensed_nodes,total_condensed_edges,accuracy,macro_f1,predicted_classes,predicted_class_count,precompute_time,condensation_time,training_time,inference_time,peak_cpu_ram,peak_gpu_ram,cache_bytes,full_edge_scans,hnr_edge_scans,hnr_cache_bytes,fdm_signature_dim,fdm_num_subclasses,fdm_candidate_pool_size,fdm_mode,hnr_hist_mode,shadow_b,uses_logits_as_input,uses_teacher_logits,uses_kd,uses_dense_p2,uses_e_by_d_materialization,uses_full_edge_index_on_gpu,uses_all_target_cache,uses_exact_pairwise,full_class_kmeans,status,promoted,promotion_status,failure_reason,notes,variant,selected_blocks,teacher_gate_A1,teacher_gate_A2,teacher_gate_A3,promotion_reason
ogbn-arxiv,arxiv_sft_v4_teacher,42,full_node,0.005,0.0,0,0,0,0,0.7016645063061951,0.5048992808650066,39,39,,,,,,,,,0,0,,,,,,,False,False,False,False,False,False,False,False,False,completed_replay,False,not_promoted,A1_teacher_gate_not_met,teacher-first gate; condensation is blocked until A1 passes,A0_current_A3_true_sagn_lite_v3_replay,"[""X0"", ""X1_cite_ref"", ""X1_cited_by"", ""X2_cite_ref"", ""X2_cited_by"", ""X3_mix"", ""Xres1_cite_ref"", ""Xres1_cited_by"", ""structure"", ""Y1_cite_ref"", ""Y1_cited_by"", ""Y2_cite_ref"", ""Y2_cited_by"", ""Y3_mix""]",False,False,False,A1_teacher_gate_not_met
ogbn-arxiv,arxiv_sft_v4_teacher,42,full_node,0.005,0.0,0,0,0,0,0.7016645063061951,0.5048992808650066,39,39,,,,,,,,,0,0,,,,,,,False,False,False,False,False,False,False,False,False,ready_not_rerun,False,not_promoted,A1_teacher_gate_not_met,teacher-first gate; condensation is blocked until A1 passes,A1_filter_bank_v4_only,"[""X0"", ""X1_cite_ref"", ""X1_cited_by"", ""X2_cite_ref"", ""X2_cited_by"", ""X3_mix"", ""X4_mix"", ""Xres1_cite_ref"", ""Xres1_cited_by"", ""Xres2_mix"", ""Xres3_mix"", ""structure""]",False,False,False,A1_teacher_gate_not_met
ogbn-arxiv,arxiv_sft_v4_teacher,42,full_node,0.005,0.0,0,0,0,0,0.7016645063061951,0.5048992808650066,39,39,,,,,,,,,0,0,,,,,,,False,False,False,False,False,False,False,False,False,ready_not_rerun,False,not_promoted,A1_teacher_gate_not_met,teacher-first gate; condensation is blocked until A1 passes,A2_LabelReuse_v3_only,"[""X0"", ""Y0_train_masked"", ""Y1_cite_ref"", ""Y1_cited_by"", ""Y2_cite_ref"", ""Y2_cited_by"", ""Y3_mix"", ""Y4_mix"", ""Yres1_mix"", ""structure""]",False,False,False,A1_teacher_gate_not_met
ogbn-arxiv,arxiv_sft_v4_teacher,42,full_node,0.005,0.0,0,0,0,0,0.7016645063061951,0.5048992808650066,39,39,,,,,,,,,0,0,,,,,,,False,False,False,False,False,False,False,False,False,ready_not_rerun,False,not_promoted,A1_teacher_gate_not_met,teacher-first gate; condensation is blocked until A1 passes,A3_filter_bank_v4_plus_LabelReuse_v3,"[""X0"", ""X1_cite_ref"", ""X1_cited_by"", ""X2_cite_ref"", ""X2_cited_by"", ""X3_mix"", ""X4_mix"", ""Xres1_cite_ref"", ""Xres1_cited_by"", ""Xres2_mix"", ""Xres3_mix"", ""Y0_train_masked"", ""Y1_cite_ref"", ""Y1_cited_by"", ""Y2_cite_ref"", ""Y2_cited_by"", ""Y3_mix"", ""Y4_mix"", ""Yres1_mix"", ""structure""]",False,False,False,A1_teacher_gate_not_met
ogbn-arxiv,arxiv_sft_v4_teacher,42,full_node,0.005,0.0,0,0,0,0,0.7016645063061951,0.5048992808650066,39,39,,,,,,,,,0,0,,,,,,,False,False,False,False,False,False,False,False,False,ready_not_rerun,False,not_promoted,A1_teacher_gate_not_met,teacher-first gate; condensation is blocked until A1 passes,A4_A3_sagn_lite_v4_h768,"[""X0"", ""X1_cite_ref"", ""X1_cited_by"", ""X2_cite_ref"", ""X2_cited_by"", ""X3_mix"", ""X4_mix"", ""Xres1_cite_ref"", ""Xres1_cited_by"", ""Xres2_mix"", ""Xres3_mix"", ""Y0_train_masked"", ""Y1_cite_ref"", ""Y1_cited_by"", ""Y2_cite_ref"", ""Y2_cited_by"", ""Y3_mix"", ""Y4_mix"", ""Yres1_mix"", ""structure""]",False,False,False,A1_teacher_gate_not_met
ogbn-arxiv,arxiv_sft_v4_teacher,42,full_node,0.005,0.0,0,0,0,0,0.7016645063061951,0.5048992808650066,39,39,,,,,,,,,0,0,,,,,,,False,False,False,False,False,False,False,False,False,ready_not_rerun,False,not_promoted,A1_teacher_gate_not_met,teacher-first gate; condensation is blocked until A1 passes,A5_A3_sagn_lite_v4_h1024,"[""X0"", ""X1_cite_ref"", ""X1_cited_by"", ""X2_cite_ref"", ""X2_cited_by"", ""X3_mix"", ""X4_mix"", ""Xres1_cite_ref"", ""Xres1_cited_by"", ""Xres2_mix"", ""Xres3_mix"", ""Y0_train_masked"", ""Y1_cite_ref"", ""Y1_cited_by"", ""Y2_cite_ref"", ""Y2_cited_by"", ""Y3_mix"", ""Y4_mix"", ""Yres1_mix"", ""structure""]",False,False,False,A1_teacher_gate_not_met
ogbn-arxiv,arxiv_sft_v4_teacher,42,full_node,0.005,0.0,0,0,0,0,0.7016645063061951,0.5048992808650066,39,39,,,,,,,,,0,0,,,,,,,False,False,False,False,False,False,False,False,False,ready_not_rerun,False,not_promoted,A1_teacher_gate_not_met,teacher-first gate; condensation is blocked until A1 passes,A6_A3_gamlp_lite_v4_h768,"[""X0"", ""X1_cite_ref"", ""X1_cited_by"", ""X2_cite_ref"", ""X2_cited_by"", ""X3_mix"", ""X4_mix"", ""Xres1_cite_ref"", ""Xres1_cited_by"", ""Xres2_mix"", ""Xres3_mix"", ""Y0_train_masked"", ""Y1_cite_ref"", ""Y1_cited_by"", ""Y2_cite_ref"", ""Y2_cited_by"", ""Y3_mix"", ""Y4_mix"", ""Yres1_mix"", ""structure""]",False,False,False,A1_teacher_gate_not_met
ogbn-arxiv,arxiv_sft_v4_teacher,42,full_node,0.005,0.0,0,0,0,0,0.7016645063061951,0.5048992808650066,39,39,,,,,,,,,0,0,,,,,,,False,False,False,False,False,False,False,False,False,ready_not_rerun,False,not_promoted,A1_teacher_gate_not_met,teacher-first gate; condensation is blocked until A1 passes,A7_A3_gamlp_lite_v4_h1024,"[""X0"", ""X1_cite_ref"", ""X1_cited_by"", ""X2_cite_ref"", ""X2_cited_by"", ""X3_mix"", ""X4_mix"", ""Xres1_cite_ref"", ""Xres1_cited_by"", ""Xres2_mix"", ""Xres3_mix"", ""Y0_train_masked"", ""Y1_cite_ref"", ""Y1_cited_by"", ""Y2_cite_ref"", ""Y2_cited_by"", ""Y3_mix"", ""Y4_mix"", ""Yres1_mix"", ""structure""]",False,False,False,A1_teacher_gate_not_met
ogbn-arxiv,arxiv_sft_v4_teacher,42,full_node,0.005,0.0,0,0,0,0,0.7016645063061951,0.5048992808650066,39,39,,,,,,,,,0,0,,,,,,,False,False,False,False,False,False,False,False,False,ready_not_rerun,False,not_promoted,A1_teacher_gate_not_met,teacher-first gate; condensation is blocked until A1 passes,A8_best_v4_two_stage,"[""X0"", ""X1_cite_ref"", ""X1_cited_by"", ""X2_cite_ref"", ""X2_cited_by"", ""X3_mix"", ""X4_mix"", ""Xres1_cite_ref"", ""Xres1_cited_by"", ""Xres2_mix"", ""Xres3_mix"", ""Y0_train_masked"", ""Y1_cite_ref"", ""Y1_cited_by"", ""Y2_cite_ref"", ""Y2_cited_by"", ""Y3_mix"", ""Y4_mix"", ""Yres1_mix"", ""structure""]",False,False,False,A1_teacher_gate_not_met
