dataset,method,seed,ratio_mode,requested_full_node_ratio,actual_full_node_ratio,target_prototypes,shadow_nodes,total_condensed_nodes,total_condensed_edges,accuracy,macro_f1,predicted_classes,predicted_class_count,precompute_time,condensation_time,training_time,inference_time,peak_cpu_ram,peak_gpu_ram,cache_bytes,full_edge_scans,hnr_edge_scans,hnr_cache_bytes,fdm_signature_dim,fdm_num_subclasses,fdm_candidate_pool_size,fdm_mode,hnr_hist_mode,shadow_b,uses_logits_as_input,uses_teacher_logits,uses_kd,uses_dense_p2,uses_e_by_d_materialization,uses_full_edge_index_on_gpu,uses_all_target_cache,uses_exact_pairwise,full_class_kmeans,status,promoted,promotion_status,failure_reason,notes,promotion_reason,signature_cache_bytes,preprop_cache_bytes,prediction_entropy
Reddit,current_sft_signature_random,1,full_node,0.005,0.005000751185800442,1165,0,1165,1165,0.9208480692242788,0.8829126848375343,41,41,12.418092,0.12984574999999965,4.7247948,1.3144789999999986,2.1672706604003906,0.9672856330871582,344665232,13,1,56462608,446,,,none,topk,,False,False,False,False,False,False,False,False,False,completed_streaming,False,not_promoted,no_regression_gate_not_met,trained T25 selection over full Reddit streaming-preprop memmap blocks,no_regression_gate_not_met,136860452,207804780,3.3661492059779174
Reddit,current_sft_signature_medoid,1,full_node,0.005,0.005000751185800442,1165,0,1165,1165,0.9221585910992227,0.8839761339149043,41,41,12.418092,0.15954335000000186,0.25981589999999954,0.08780979999999872,2.2085838317871094,0.9672856330871582,344665232,13,1,56462608,446,,,none,topk,,False,False,False,False,False,False,False,False,False,completed_streaming,False,not_promoted,no_regression_gate_not_met,trained T25 selection over full Reddit streaming-preprop memmap blocks,no_regression_gate_not_met,136860452,207804780,3.3627816161395145
Reddit,current_sft_signature_kcenter,1,full_node,0.005,0.005000751185800442,1165,0,1165,1165,0.9196632138304939,0.8759414475529922,41,41,12.418092,0.38375815000000046,0.25456529999999944,0.08062759999999969,2.210063934326172,0.9672856330871582,344665232,13,1,56462608,446,,,none,topk,,False,False,False,False,False,False,False,False,False,completed_streaming,False,not_promoted,no_regression_gate_not_met,trained T25 selection over full Reddit streaming-preprop memmap blocks,no_regression_gate_not_met,136860452,207804780,3.3541789934836332
Reddit,sft_hnr_fdm_hybrid,1,full_node,0.005,0.005000751185800442,1165,0,1165,1165,0.9184604060822577,0.8828385972639313,41,41,12.418092,0.41635245,0.25373229999999936,0.07926500000000303,2.7613182067871094,0.9672856330871582,344665232,13,1,56462608,128,602,32,lite,topk,,False,False,False,False,False,False,False,False,False,completed_streaming,False,not_promoted,no_regression_gate_not_met,trained T25 selection over full Reddit streaming-preprop memmap blocks,no_regression_gate_not_met,136860452,207804780,3.3570443858797185
Reddit,current_sft_signature_random,1,full_node,0.01,0.010001502371600884,2330,0,2330,2330,0.9223022099348329,0.8854147170852387,41,41,12.418092,0.12989134999999963,0.27906169999999975,0.08783120000000011,2.7951393127441406,0.9694061279296875,344665232,13,1,56462608,446,,,none,topk,,False,False,False,False,False,False,False,False,False,completed_streaming,False,not_promoted,acceptance_gate_not_met,trained T25 selection over full Reddit streaming-preprop memmap blocks,acceptance_gate_not_met,136860452,207804780,3.363912056857416
Reddit,current_sft_signature_medoid,1,full_node,0.01,0.010001502371600884,2330,0,2330,2330,0.9168267418271906,0.8762340233044532,41,41,12.418092,0.1583988500000031,0.28705099999999817,0.08349520000000155,2.801990509033203,0.9694061279296875,344665232,13,1,56462608,446,,,none,topk,,False,False,False,False,False,False,False,False,False,completed_streaming,False,not_promoted,acceptance_gate_not_met,trained T25 selection over full Reddit streaming-preprop memmap blocks,acceptance_gate_not_met,136860452,207804780,3.3680435305344805
Reddit,current_sft_signature_kcenter,1,full_node,0.01,0.010001502371600884,2330,0,2330,2330,0.9213148304400122,0.8788545897748362,41,41,12.418092,0.618691450000002,0.28027179999999774,0.08247129999999814,2.8026695251464844,0.9694061279296875,344665232,13,1,56462608,446,,,none,topk,,False,False,False,False,False,False,False,False,False,completed_streaming,False,not_promoted,acceptance_gate_not_met,trained T25 selection over full Reddit streaming-preprop memmap blocks,acceptance_gate_not_met,136860452,207804780,3.3504008339478046
Reddit,sft_hnr_fdm_hybrid,1,full_node,0.01,0.010001502371600884,2330,0,2330,2330,0.9199324991472632,0.8802594463134891,41,41,12.418092,0.4551989499999982,0.2863287000000021,0.0820881,3.353557586669922,0.9694061279296875,344665232,13,1,56462608,128,602,64,lite,topk,,False,False,False,False,False,False,False,False,False,completed_streaming,False,not_promoted,acceptance_gate_not_met,trained T25 selection over full Reddit streaming-preprop memmap blocks,acceptance_gate_not_met,136860452,207804780,3.366846159342015
Reddit,current_sft_signature_random,2,full_node,0.005,0.005000751185800442,1165,0,1165,1165,0.9213507351489147,0.8835794982373684,41,41,2.7627610999999996,0.04998656249999933,0.4860573000000006,0.13599599999999956,2.167682647705078,0.9672856330871582,344665232,13,1,56462608,446,,,none,topk,,False,False,False,False,False,False,False,False,False,completed_streaming,False,not_promoted,no_regression_gate_not_met,trained T25 selection over full Reddit streaming-preprop memmap blocks,no_regression_gate_not_met,136860452,207804780,3.359397192930587
Reddit,current_sft_signature_medoid,2,full_node,0.005,0.005000751185800442,1165,0,1165,1165,0.9184245013733551,0.8797743290336197,41,41,2.7627610999999996,0.08026506249999987,0.25722610000000046,0.08892019999999956,2.2087631225585938,0.9672856330871582,344665232,13,1,56462608,446,,,none,topk,,False,False,False,False,False,False,False,False,False,completed_streaming,False,not_promoted,no_regression_gate_not_met,trained T25 selection over full Reddit streaming-preprop memmap blocks,no_regression_gate_not_met,136860452,207804780,3.3616198281365532
Reddit,current_sft_signature_kcenter,2,full_node,0.005,0.005000751185800442,1165,0,1165,1165,0.9131106044557744,0.8593391719798166,41,41,2.7627610999999996,0.3413977625,0.29252020000000023,0.08543870000000009,2.2102012634277344,0.9672856330871582,344665232,13,1,56462608,446,,,none,topk,,False,False,False,False,False,False,False,False,False,completed_streaming,False,not_promoted,no_regression_gate_not_met,trained T25 selection over full Reddit streaming-preprop memmap blocks,no_regression_gate_not_met,136860452,207804780,3.3457934779442753
Reddit,sft_hnr_fdm_hybrid,2,full_node,0.005,0.005000751185800442,1165,0,1165,1165,0.9200043085650683,0.8837836726405526,41,41,2.7627610999999996,0.32856196250000047,0.2791952000000002,0.0854273000000001,2.7613906860351562,0.9672856330871582,344665232,13,1,56462608,128,602,32,lite,topk,,False,False,False,False,False,False,False,False,False,completed_streaming,False,not_promoted,no_regression_gate_not_met,trained T25 selection over full Reddit streaming-preprop memmap blocks,no_regression_gate_not_met,136860452,207804780,3.3572299980923277
Reddit,current_sft_signature_random,2,full_node,0.01,0.010001502371600884,2330,0,2330,2330,0.923307541784105,0.8856540529538315,41,41,2.7627610999999996,0.051603562499999756,0.27587269999999986,0.08242989999999928,2.7952804565429688,0.9694061279296875,344665232,13,1,56462608,446,,,none,topk,,False,False,False,False,False,False,False,False,False,completed_streaming,False,not_promoted,acceptance_gate_not_met,trained T25 selection over full Reddit streaming-preprop memmap blocks,acceptance_gate_not_met,136860452,207804780,3.362148343757639
Reddit,current_sft_signature_medoid,2,full_node,0.01,0.010001502371600884,2330,0,2330,2330,0.9206326409708633,0.8840635480957215,41,41,2.7627610999999996,0.07969216250000088,0.28484079999999956,0.08480830000000061,2.802135467529297,0.9694061279296875,344665232,13,1,56462608,446,,,none,topk,,False,False,False,False,False,False,False,False,False,completed_streaming,False,not_promoted,acceptance_gate_not_met,trained T25 selection over full Reddit streaming-preprop memmap blocks,acceptance_gate_not_met,136860452,207804780,3.365656968994783
Reddit,current_sft_signature_kcenter,2,full_node,0.01,0.010001502371600884,2330,0,2330,2330,0.9176345977774986,0.8696098031561748,41,41,2.7627610999999996,0.5797618625000001,0.279000700000001,0.0824739000000001,2.802104949951172,0.9694061279296875,344665232,13,1,56462608,446,,,none,topk,,False,False,False,False,False,False,False,False,False,completed_streaming,False,not_promoted,acceptance_gate_not_met,trained T25 selection over full Reddit streaming-preprop memmap blocks,acceptance_gate_not_met,136860452,207804780,3.34516616245761
Reddit,sft_hnr_fdm_hybrid,2,full_node,0.01,0.010001502371600884,2330,0,2330,2330,0.9267184891298493,0.8903536405436407,41,41,2.7627610999999996,0.36958166250000013,0.2758027000000016,0.08161179999999923,3.353015899658203,0.9694061279296875,344665232,13,1,56462608,128,602,64,lite,topk,,False,False,False,False,False,False,False,False,False,completed_streaming,False,not_promoted,acceptance_gate_not_met,trained T25 selection over full Reddit streaming-preprop memmap blocks,acceptance_gate_not_met,136860452,207804780,3.3544801164816582
Reddit,current_sft_signature_random,3,full_node,0.005,0.005000751185800442,1165,0,1165,1165,0.923307541784105,0.8835912065477536,41,41,2.7759397,0.04922704999999977,0.49223509999999937,0.13898980000000005,2.1675071716308594,0.9672856330871582,344665232,13,1,56462608,446,,,none,topk,,False,False,False,False,False,False,False,False,False,completed_streaming,False,not_promoted,no_regression_gate_not_met,trained T25 selection over full Reddit streaming-preprop memmap blocks,no_regression_gate_not_met,136860452,207804780,3.3649509722428164
Reddit,current_sft_signature_medoid,3,full_node,0.005,0.005000751185800442,1165,0,1165,1165,0.919860689729458,0.8809236788981895,41,41,2.7759397,0.08161385000000004,0.2551578000000001,0.09104650000000003,2.2085952758789062,0.9672856330871582,344665232,13,1,56462608,446,,,none,topk,,False,False,False,False,False,False,False,False,False,completed_streaming,False,not_promoted,no_regression_gate_not_met,trained T25 selection over full Reddit streaming-preprop memmap blocks,no_regression_gate_not_met,136860452,207804780,3.3670232977499004
Reddit,current_sft_signature_kcenter,3,full_node,0.005,0.005000751185800442,1165,0,1165,1165,0.9151930775721235,0.8645093369682986,41,41,2.7759397,0.32463944999999933,0.2573989999999995,0.08233040000000003,2.209442138671875,0.9672856330871582,344665232,13,1,56462608,446,,,none,topk,,False,False,False,False,False,False,False,False,False,completed_streaming,False,not_promoted,no_regression_gate_not_met,trained T25 selection over full Reddit streaming-preprop memmap blocks,no_regression_gate_not_met,136860452,207804780,3.3503627258506175
Reddit,sft_hnr_fdm_hybrid,3,full_node,0.005,0.005000751185800442,1165,0,1165,1165,0.9171319318528625,0.8687583379547701,41,41,2.7759397,0.33061044999999994,0.2527663999999996,0.0842780000000003,2.7616195678710938,0.9672856330871582,344665232,13,1,56462608,128,602,32,lite,topk,,False,False,False,False,False,False,False,False,False,completed_streaming,False,not_promoted,no_regression_gate_not_met,trained T25 selection over full Reddit streaming-preprop memmap blocks,no_regression_gate_not_met,136860452,207804780,3.356626087414421
Reddit,current_sft_signature_random,3,full_node,0.01,0.010001502371600884,2330,0,2330,2330,0.9217097822379405,0.8822859554632233,41,41,2.7759397,0.05060514999999993,0.28812939999999987,0.08745460000000005,2.796398162841797,0.9694061279296875,344665232,13,1,56462608,446,,,none,topk,,False,False,False,False,False,False,False,False,False,completed_streaming,False,not_promoted,acceptance_gate_not_met,trained T25 selection over full Reddit streaming-preprop memmap blocks,acceptance_gate_not_met,136860452,207804780,3.3694523277123567
Reddit,current_sft_signature_medoid,3,full_node,0.01,0.010001502371600884,2330,0,2330,2330,0.919232357323663,0.8808767182806599,41,41,2.7759397,0.07732584999999931,0.28304759999999973,0.08398020000000095,2.8017120361328125,0.9694061279296875,344665232,13,1,56462608,446,,,none,topk,,False,False,False,False,False,False,False,False,False,completed_streaming,False,not_promoted,acceptance_gate_not_met,trained T25 selection over full Reddit streaming-preprop memmap blocks,acceptance_gate_not_met,136860452,207804780,3.368921485360297
Reddit,current_sft_signature_kcenter,3,full_node,0.01,0.010001502371600884,2330,0,2330,2330,0.9201479274006786,0.8746115410908344,41,41,2.7759397,0.5335876499999994,0.2795603,0.0823115000000012,2.8011474609375,0.9694061279296875,344665232,13,1,56462608,446,,,none,topk,,False,False,False,False,False,False,False,False,False,completed_streaming,False,not_promoted,acceptance_gate_not_met,trained T25 selection over full Reddit streaming-preprop memmap blocks,acceptance_gate_not_met,136860452,207804780,3.34033259318962
Reddit,sft_hnr_fdm_hybrid,3,full_node,0.01,0.010001502371600884,2330,0,2330,2330,0.9236665888731307,0.8835800227996524,41,41,2.7759397,0.37664864999999986,0.28336950000000094,0.08037219999999934,3.3523826599121094,0.9694061279296875,344665232,13,1,56462608,128,602,64,lite,topk,,False,False,False,False,False,False,False,False,False,completed_streaming,False,not_promoted,acceptance_gate_not_met,trained T25 selection over full Reddit streaming-preprop memmap blocks,acceptance_gate_not_met,136860452,207804780,3.3603011424140865
Reddit,current_sft_signature_random,4,full_node,0.005,0.005000751185800442,1165,0,1165,1165,0.9187296913990269,0.8777996574376501,41,41,2.7712968,0.050683949999999506,0.4916970000000003,0.14597140000000053,2.1677322387695312,0.9672856330871582,344665232,13,1,56462608,446,,,none,topk,,False,False,False,False,False,False,False,False,False,completed_streaming,False,not_promoted,no_regression_gate_not_met,trained T25 selection over full Reddit streaming-preprop memmap blocks,no_regression_gate_not_met,136860452,207804780,3.370365879125662
Reddit,current_sft_signature_medoid,4,full_node,0.005,0.005000751185800442,1165,0,1165,1165,0.9154803152433442,0.8658734518737182,41,41,2.7712968,0.08162695000000011,0.2533069000000001,0.07737729999999932,2.2088241577148438,0.9672856330871582,344665232,13,1,56462608,446,,,none,topk,,False,False,False,False,False,False,False,False,False,completed_streaming,False,not_promoted,no_regression_gate_not_met,trained T25 selection over full Reddit streaming-preprop memmap blocks,no_regression_gate_not_met,136860452,207804780,3.3754284696772117
Reddit,current_sft_signature_kcenter,4,full_node,0.005,0.005000751185800442,1165,0,1165,1165,0.912338653214369,0.8547320825491888,41,41,2.7712968,0.31282725000000033,0.25547649999999944,0.08022740000000006,2.2103424072265625,0.9672856330871582,344665232,13,1,56462608,446,,,none,topk,,False,False,False,False,False,False,False,False,False,completed_streaming,False,not_promoted,no_regression_gate_not_met,trained T25 selection over full Reddit streaming-preprop memmap blocks,no_regression_gate_not_met,136860452,207804780,3.347454658345823
Reddit,sft_hnr_fdm_hybrid,4,full_node,0.005,0.005000751185800442,1165,0,1165,1165,0.9224099240615407,0.8817908054811194,41,41,2.7712968,0.33509955000000036,0.2607306000000005,0.08967610000000015,2.761322021484375,0.9672856330871582,344665232,13,1,56462608,128,602,32,lite,topk,,False,False,False,False,False,False,False,False,False,completed_streaming,False,not_promoted,no_regression_gate_not_met,trained T25 selection over full Reddit streaming-preprop memmap blocks,no_regression_gate_not_met,136860452,207804780,3.360835365939295
Reddit,current_sft_signature_random,4,full_node,0.01,0.010001502371600884,2330,0,2330,2330,0.923307541784105,0.8845150316819438,41,41,2.7712968,0.05067354999999965,0.28204839999999987,0.08018960000000064,2.7952919006347656,0.9694061279296875,344665232,13,1,56462608,446,,,none,topk,,False,False,False,False,False,False,False,False,False,completed_streaming,False,not_promoted,acceptance_gate_not_met,trained T25 selection over full Reddit streaming-preprop memmap blocks,acceptance_gate_not_met,136860452,207804780,3.363651746320009
Reddit,current_sft_signature_medoid,4,full_node,0.01,0.010001502371600884,2330,0,2330,2330,0.9168985512449958,0.8769557062247202,41,41,2.7712968,0.0772907500000001,0.2848573999999999,0.08518519999999974,2.802154541015625,0.9694061279296875,344665232,13,1,56462608,446,,,none,topk,,False,False,False,False,False,False,False,False,False,completed_streaming,False,not_promoted,acceptance_gate_not_met,trained T25 selection over full Reddit streaming-preprop memmap blocks,acceptance_gate_not_met,136860452,207804780,3.3546505173702386
Reddit,current_sft_signature_kcenter,4,full_node,0.01,0.010001502371600884,2330,0,2330,2330,0.9139005080516309,0.8598709597239272,41,41,2.7712968,0.5457429500000007,0.2772635000000001,0.08313780000000115,2.8021240234375,0.9694061279296875,344665232,13,1,56462608,446,,,none,topk,,False,False,False,False,False,False,False,False,False,completed_streaming,False,not_promoted,acceptance_gate_not_met,trained T25 selection over full Reddit streaming-preprop memmap blocks,acceptance_gate_not_met,136860452,207804780,3.3438159050553606
Reddit,sft_hnr_fdm_hybrid,4,full_node,0.01,0.010001502371600884,2330,0,2330,2330,0.9205069744897043,0.8825427264106005,41,41,2.7712968,0.37272314999999845,0.2828973999999995,0.0802322999999987,3.3530120849609375,0.9694061279296875,344665232,13,1,56462608,128,602,64,lite,topk,,False,False,False,False,False,False,False,False,False,completed_streaming,False,not_promoted,acceptance_gate_not_met,trained T25 selection over full Reddit streaming-preprop memmap blocks,acceptance_gate_not_met,136860452,207804780,3.364337982986974
Reddit,current_sft_signature_random,5,full_node,0.005,0.005000751185800442,1165,0,1165,1165,0.9215123063389764,0.8843630606147639,41,41,2.7561685000000002,0.05148235000000004,0.49927410000000005,0.1359583999999998,2.1675872802734375,0.9672856330871582,344665232,13,1,56462608,446,,,none,topk,,False,False,False,False,False,False,False,False,False,completed_streaming,False,not_promoted,no_regression_gate_not_met,trained T25 selection over full Reddit streaming-preprop memmap blocks,no_regression_gate_not_met,136860452,207804780,3.3598328945109763
Reddit,current_sft_signature_medoid,5,full_node,0.005,0.005000751185800442,1165,0,1165,1165,0.9185681202089654,0.8820962505757506,41,41,2.7561685000000002,0.08152304999999985,0.27429419999999993,0.08016199999999962,2.2086563110351562,0.9672856330871582,344665232,13,1,56462608,446,,,none,topk,,False,False,False,False,False,False,False,False,False,completed_streaming,False,not_promoted,no_regression_gate_not_met,trained T25 selection over full Reddit streaming-preprop memmap blocks,no_regression_gate_not_met,136860452,207804780,3.3624637142723905
Reddit,current_sft_signature_kcenter,5,full_node,0.005,0.005000751185800442,1165,0,1165,1165,0.9122668437965639,0.8533289899784489,41,41,2.7561685000000002,0.31992075,0.2549277999999999,0.0792199999999994,2.210247039794922,0.9672856330871582,344665232,13,1,56462608,446,,,none,topk,,False,False,False,False,False,False,False,False,False,completed_streaming,False,not_promoted,no_regression_gate_not_met,trained T25 selection over full Reddit streaming-preprop memmap blocks,no_regression_gate_not_met,136860452,207804780,3.3488622148396443
Reddit,sft_hnr_fdm_hybrid,5,full_node,0.005,0.005000751185800442,1165,0,1165,1165,0.9210994021865968,0.8813321326300385,41,41,2.7561685000000002,0.33116585,0.25594249999999974,0.08269269999999995,2.7612991333007812,0.9672856330871582,344665232,13,1,56462608,128,602,32,lite,topk,,False,False,False,False,False,False,False,False,False,completed_streaming,False,not_promoted,no_regression_gate_not_met,trained T25 selection over full Reddit streaming-preprop memmap blocks,no_regression_gate_not_met,136860452,207804780,3.3553953366343716
Reddit,current_sft_signature_random,5,full_node,0.01,0.010001502371600884,2330,0,2330,2330,0.9237024935820333,0.884814524942957,41,41,2.7561685000000002,0.05143275000000039,0.28830190000000044,0.08508000000000049,2.7951889038085938,0.9694061279296875,344665232,13,1,56462608,446,,,none,topk,,False,False,False,False,False,False,False,False,False,completed_streaming,False,not_promoted,acceptance_gate_not_met,trained T25 selection over full Reddit streaming-preprop memmap blocks,acceptance_gate_not_met,136860452,207804780,3.363489802554302
Reddit,current_sft_signature_medoid,5,full_node,0.01,0.010001502371600884,2330,0,2330,2330,0.9187296913990269,0.8765074245540784,41,41,2.7561685000000002,0.07912495000000011,0.28128380000000064,0.08561510000000006,2.802051544189453,0.9694061279296875,344665232,13,1,56462608,446,,,none,topk,,False,False,False,False,False,False,False,False,False,completed_streaming,False,not_promoted,acceptance_gate_not_met,trained T25 selection over full Reddit streaming-preprop memmap blocks,acceptance_gate_not_met,136860452,207804780,3.3669968355873703
Reddit,current_sft_signature_kcenter,5,full_node,0.01,0.010001502371600884,2330,0,2330,2330,0.9131644615191282,0.8551079632786572,41,41,2.7561685000000002,0.5605730499999998,0.28420629999999925,0.08071690000000054,2.802021026611328,0.9694061279296875,344665232,13,1,56462608,446,,,none,topk,,False,False,False,False,False,False,False,False,False,completed_streaming,False,not_promoted,acceptance_gate_not_met,trained T25 selection over full Reddit streaming-preprop memmap blocks,acceptance_gate_not_met,136860452,207804780,3.347022079854531
Reddit,sft_hnr_fdm_hybrid,5,full_node,0.01,0.010001502371600884,2330,0,2330,2330,0.9218174963646483,0.8817047248153992,41,41,2.7561685000000002,0.3735065500000013,0.29043139999999923,0.08111159999999984,3.3528900146484375,0.9694061279296875,344665232,13,1,56462608,128,602,64,lite,topk,,False,False,False,False,False,False,False,False,False,completed_streaming,False,not_promoted,acceptance_gate_not_met,trained T25 selection over full Reddit streaming-preprop memmap blocks,acceptance_gate_not_met,136860452,207804780,3.355948019793927
