dataset,stage,method,seed,ratio_mode,requested_full_node_ratio,actual_full_node_ratio,original_num_nodes,num_train_nodes,num_classes,init_method,stc_objective,stc_delta_rho,trainable_delta,learn_syn_weights,trainable_labels,syn_rows,syn_feature_dim,syn_weight_mode,inner_steps,outer_steps,gm_num_heads,gm_real_batch_size,head_type,head_hidden_dim,lambda_gm,lambda_mmd,lambda_moment,lambda_div,lambda_prior,lambda_block,lambda_coverage,coverage_track,coverage_prior,accuracy,macro_f1,predicted_classes,per_class_f1_min,per_class_f1_median,per_class_f1_max,selected_or_syn_class_count_min,selected_or_syn_class_count_median,selected_or_syn_class_count_max,precompute_time,init_time,stc_optimization_time,final_training_time,total_time,peak_cpu_ram,peak_gpu_ram,cache_bytes,uses_logits_as_input,uses_teacher_logits,uses_kd,uses_dense_p2,uses_e_by_d_materialization,uses_full_edge_index_on_gpu,uses_valid_labels,uses_test_labels,uses_all_target_features,promotion_allowed,promotion_status,failure_reason,notes,target_prototypes,shadow_nodes,total_condensed_nodes,condensed_edges,predicted_class_histogram_json,synthetic_class_histogram_json,coverage_gap_before,coverage_gap_after,official_accuracy_track_passed,balanced_robustness_track_passed,uses_year_metadata,enable_temporal_labelreuse_decay,temporal_decay_gamma,valid_acc,A1_passed,A2_passed,A3_passed,teacher_gate_status,status
Reddit,t27,reddit_random_frozen_init,42,full_node,0.005,0.005000751185800442,232965,153431,41,current_sft_signature_random,frozen_init,,False,False,False,1165,602,none,,0,,,hidden_mlp,256,1.0,0.1,0.1,0.01,0.1,0.1,0.0,,,,,,,,,28.0,28.0,29.0,,,,,0.00058,,,,False,False,False,False,False,False,False,False,False,False,not_promoted,local_smoke_not_full_reddit_run,T27 Reddit row is honest smoke/server-ready output; full seed metrics require the listed server command.,1165,0,1165,0,,"{""0"": 29, ""1"": 29, ""10"": 29, ""11"": 29, ""12"": 29, ""13"": 29, ""14"": 29, ""15"": 29, ""16"": 29, ""17"": 28, ""18"": 28, ""19"": 28, ""2"": 29, ""20"": 28, ""21"": 28, ""22"": 28, ""23"": 28, ""24"": 28, ""25"": 28, ""26"": 28, ""27"": 28, ""28"": 28, ""29"": 28, ""3"": 29, ""30"": 28, ""31"": 28, ""32"": 28, ""33"": 28, ""34"": 28, ""35"": 28, ""36"": 28, ""37"": 28, ""38"": 28, ""39"": 28, ""4"": 29, ""40"": 28, ""5"": 29, ""6"": 29, ""7"": 29, ""8"": 29, ""9"": 29}",,,False,False,False,False,,,False,False,False,,completed_smoke
Reddit,t27,reddit_random_trainable_delta_rho005,42,full_node,0.005,0.005000751185800442,232965,153431,41,current_sft_signature_random,trainable_delta,0.05,True,False,False,1165,602,none,,1000,,,hidden_mlp,256,1.0,0.1,0.1,0.01,0.1,0.1,0.0,,,,,,,,,28.0,28.0,29.0,,,,,0.000597,,,,False,False,False,False,False,False,False,False,False,False,not_promoted,local_smoke_not_full_reddit_run,T27 Reddit row is honest smoke/server-ready output; full seed metrics require the listed server command.,1165,0,1165,0,,"{""0"": 29, ""1"": 29, ""10"": 29, ""11"": 29, ""12"": 29, ""13"": 29, ""14"": 29, ""15"": 29, ""16"": 29, ""17"": 28, ""18"": 28, ""19"": 28, ""2"": 29, ""20"": 28, ""21"": 28, ""22"": 28, ""23"": 28, ""24"": 28, ""25"": 28, ""26"": 28, ""27"": 28, ""28"": 28, ""29"": 28, ""3"": 29, ""30"": 28, ""31"": 28, ""32"": 28, ""33"": 28, ""34"": 28, ""35"": 28, ""36"": 28, ""37"": 28, ""38"": 28, ""39"": 28, ""4"": 29, ""40"": 28, ""5"": 29, ""6"": 29, ""7"": 29, ""8"": 29, ""9"": 29}",,,False,False,False,False,,,False,False,False,,completed_smoke
Reddit,t27,reddit_random_trainable_delta_rho010,42,full_node,0.005,0.005000751185800442,232965,153431,41,current_sft_signature_random,trainable_delta,0.1,True,False,False,1165,602,none,,1000,,,hidden_mlp,256,1.0,0.1,0.1,0.01,0.1,0.1,0.0,,,,,,,,,28.0,28.0,29.0,,,,,0.000606,,,,False,False,False,False,False,False,False,False,False,False,not_promoted,local_smoke_not_full_reddit_run,T27 Reddit row is honest smoke/server-ready output; full seed metrics require the listed server command.,1165,0,1165,0,,"{""0"": 29, ""1"": 29, ""10"": 29, ""11"": 29, ""12"": 29, ""13"": 29, ""14"": 29, ""15"": 29, ""16"": 29, ""17"": 28, ""18"": 28, ""19"": 28, ""2"": 29, ""20"": 28, ""21"": 28, ""22"": 28, ""23"": 28, ""24"": 28, ""25"": 28, ""26"": 28, ""27"": 28, ""28"": 28, ""29"": 28, ""3"": 29, ""30"": 28, ""31"": 28, ""32"": 28, ""33"": 28, ""34"": 28, ""35"": 28, ""36"": 28, ""37"": 28, ""38"": 28, ""39"": 28, ""4"": 29, ""40"": 28, ""5"": 29, ""6"": 29, ""7"": 29, ""8"": 29, ""9"": 29}",,,False,False,False,False,,,False,False,False,,completed_smoke
Reddit,t27,reddit_random_gm,42,full_node,0.005,0.005000751185800442,232965,153431,41,current_sft_signature_random,gradient_matching,0.1,True,False,False,1165,602,none,,1000,1,4096,hidden_mlp,256,1.0,0.1,0.1,0.01,0.1,0.1,0.0,,,,,,,,,28.0,28.0,29.0,,,,,0.000613,,,,False,False,False,False,False,False,False,False,False,False,not_promoted,local_smoke_not_full_reddit_run,T27 Reddit row is honest smoke/server-ready output; full seed metrics require the listed server command.,1165,0,1165,0,,"{""0"": 29, ""1"": 29, ""10"": 29, ""11"": 29, ""12"": 29, ""13"": 29, ""14"": 29, ""15"": 29, ""16"": 29, ""17"": 28, ""18"": 28, ""19"": 28, ""2"": 29, ""20"": 28, ""21"": 28, ""22"": 28, ""23"": 28, ""24"": 28, ""25"": 28, ""26"": 28, ""27"": 28, ""28"": 28, ""29"": 28, ""3"": 29, ""30"": 28, ""31"": 28, ""32"": 28, ""33"": 28, ""34"": 28, ""35"": 28, ""36"": 28, ""37"": 28, ""38"": 28, ""39"": 28, ""4"": 29, ""40"": 28, ""5"": 29, ""6"": 29, ""7"": 29, ""8"": 29, ""9"": 29}",,,False,False,False,False,,,False,False,False,,completed_smoke
Reddit,t27,reddit_random_outer,42,full_node,0.005,0.005000751185800442,232965,153431,41,current_sft_signature_random,outer_loop,0.1,True,False,False,1165,602,none,,1000,,,hidden_mlp,256,1.0,0.1,0.1,0.01,0.1,0.1,0.0,,,,,,,,,28.0,28.0,29.0,,,,,0.000619,,,,False,False,False,False,False,False,False,False,False,False,not_promoted,local_smoke_not_full_reddit_run,T27 Reddit row is honest smoke/server-ready output; full seed metrics require the listed server command.,1165,0,1165,0,,"{""0"": 29, ""1"": 29, ""10"": 29, ""11"": 29, ""12"": 29, ""13"": 29, ""14"": 29, ""15"": 29, ""16"": 29, ""17"": 28, ""18"": 28, ""19"": 28, ""2"": 29, ""20"": 28, ""21"": 28, ""22"": 28, ""23"": 28, ""24"": 28, ""25"": 28, ""26"": 28, ""27"": 28, ""28"": 28, ""29"": 28, ""3"": 29, ""30"": 28, ""31"": 28, ""32"": 28, ""33"": 28, ""34"": 28, ""35"": 28, ""36"": 28, ""37"": 28, ""38"": 28, ""39"": 28, ""4"": 29, ""40"": 28, ""5"": 29, ""6"": 29, ""7"": 29, ""8"": 29, ""9"": 29}",,,False,False,False,False,,,False,False,False,,completed_smoke
Reddit,t27,reddit_random_gm_plus_moment,42,full_node,0.005,0.005000751185800442,232965,153431,41,current_sft_signature_random,gradient_matching,0.1,True,False,False,1165,602,none,,1000,1,4096,hidden_mlp,256,1.0,0.1,0.1,0.01,0.1,0.1,0.0,,,,,,,,,28.0,28.0,29.0,,,,,0.000626,,,,False,False,False,False,False,False,False,False,False,False,not_promoted,local_smoke_not_full_reddit_run,T27 Reddit row is honest smoke/server-ready output; full seed metrics require the listed server command.,1165,0,1165,0,,"{""0"": 29, ""1"": 29, ""10"": 29, ""11"": 29, ""12"": 29, ""13"": 29, ""14"": 29, ""15"": 29, ""16"": 29, ""17"": 28, ""18"": 28, ""19"": 28, ""2"": 29, ""20"": 28, ""21"": 28, ""22"": 28, ""23"": 28, ""24"": 28, ""25"": 28, ""26"": 28, ""27"": 28, ""28"": 28, ""29"": 28, ""3"": 29, ""30"": 28, ""31"": 28, ""32"": 28, ""33"": 28, ""34"": 28, ""35"": 28, ""36"": 28, ""37"": 28, ""38"": 28, ""39"": 28, ""4"": 29, ""40"": 28, ""5"": 29, ""6"": 29, ""7"": 29, ""8"": 29, ""9"": 29}",,,False,False,False,False,,,False,False,False,,completed_smoke
Reddit,t27,reddit_kcenter_trainable_delta,42,full_node,0.005,0.005000751185800442,232965,153431,41,current_sft_signature_kcenter,trainable_delta,0.1,True,False,False,1165,602,none,,1000,,,hidden_mlp,256,1.0,0.1,0.1,0.01,0.1,0.1,0.0,,,,,,,,,28.0,28.0,29.0,,,,,0.000632,,,,False,False,False,False,False,False,False,False,False,False,not_promoted,local_smoke_not_full_reddit_run,T27 Reddit row is honest smoke/server-ready output; full seed metrics require the listed server command.,1165,0,1165,0,,"{""0"": 29, ""1"": 29, ""10"": 29, ""11"": 29, ""12"": 29, ""13"": 29, ""14"": 29, ""15"": 29, ""16"": 29, ""17"": 28, ""18"": 28, ""19"": 28, ""2"": 29, ""20"": 28, ""21"": 28, ""22"": 28, ""23"": 28, ""24"": 28, ""25"": 28, ""26"": 28, ""27"": 28, ""28"": 28, ""29"": 28, ""3"": 29, ""30"": 28, ""31"": 28, ""32"": 28, ""33"": 28, ""34"": 28, ""35"": 28, ""36"": 28, ""37"": 28, ""38"": 28, ""39"": 28, ""4"": 29, ""40"": 28, ""5"": 29, ""6"": 29, ""7"": 29, ""8"": 29, ""9"": 29}",,,False,False,False,False,,,False,False,False,,completed_smoke
Reddit,t27,reddit_medoid_trainable_delta,42,full_node,0.005,0.005000751185800442,232965,153431,41,current_sft_signature_medoid,trainable_delta,0.1,True,False,False,1165,602,none,,1000,,,hidden_mlp,256,1.0,0.1,0.1,0.01,0.1,0.1,0.0,,,,,,,,,28.0,28.0,29.0,,,,,0.000638,,,,False,False,False,False,False,False,False,False,False,False,not_promoted,local_smoke_not_full_reddit_run,T27 Reddit row is honest smoke/server-ready output; full seed metrics require the listed server command.,1165,0,1165,0,,"{""0"": 29, ""1"": 29, ""10"": 29, ""11"": 29, ""12"": 29, ""13"": 29, ""14"": 29, ""15"": 29, ""16"": 29, ""17"": 28, ""18"": 28, ""19"": 28, ""2"": 29, ""20"": 28, ""21"": 28, ""22"": 28, ""23"": 28, ""24"": 28, ""25"": 28, ""26"": 28, ""27"": 28, ""28"": 28, ""29"": 28, ""3"": 29, ""30"": 28, ""31"": 28, ""32"": 28, ""33"": 28, ""34"": 28, ""35"": 28, ""36"": 28, ""37"": 28, ""38"": 28, ""39"": 28, ""4"": 29, ""40"": 28, ""5"": 29, ""6"": 29, ""7"": 29, ""8"": 29, ""9"": 29}",,,False,False,False,False,,,False,False,False,,completed_smoke
Reddit,t27,reddit_random_frozen_init,42,full_node,0.01,0.010001502371600884,232965,153431,41,current_sft_signature_random,frozen_init,,False,False,False,2330,602,none,,0,,,hidden_mlp,256,1.0,0.1,0.1,0.01,0.1,0.1,0.0,,,,,,,,,56.0,57.0,57.0,,,,,0.001418,,,,False,False,False,False,False,False,False,False,False,False,not_promoted,local_smoke_not_full_reddit_run,T27 Reddit row is honest smoke/server-ready output; full seed metrics require the listed server command.,2330,0,2330,0,,"{""0"": 57, ""1"": 57, ""10"": 57, ""11"": 57, ""12"": 57, ""13"": 57, ""14"": 57, ""15"": 57, ""16"": 57, ""17"": 57, ""18"": 57, ""19"": 57, ""2"": 57, ""20"": 57, ""21"": 57, ""22"": 57, ""23"": 57, ""24"": 57, ""25"": 57, ""26"": 57, ""27"": 57, ""28"": 57, ""29"": 57, ""3"": 57, ""30"": 57, ""31"": 57, ""32"": 57, ""33"": 57, ""34"": 56, ""35"": 56, ""36"": 56, ""37"": 56, ""38"": 56, ""39"": 56, ""4"": 57, ""40"": 56, ""5"": 57, ""6"": 57, ""7"": 57, ""8"": 57, ""9"": 57}",,,False,False,False,False,,,False,False,False,,completed_smoke
Reddit,t27,reddit_random_trainable_delta_rho005,42,full_node,0.01,0.010001502371600884,232965,153431,41,current_sft_signature_random,trainable_delta,0.05,True,False,False,2330,602,none,,1000,,,hidden_mlp,256,1.0,0.1,0.1,0.01,0.1,0.1,0.0,,,,,,,,,56.0,57.0,57.0,,,,,0.001427,,,,False,False,False,False,False,False,False,False,False,False,not_promoted,local_smoke_not_full_reddit_run,T27 Reddit row is honest smoke/server-ready output; full seed metrics require the listed server command.,2330,0,2330,0,,"{""0"": 57, ""1"": 57, ""10"": 57, ""11"": 57, ""12"": 57, ""13"": 57, ""14"": 57, ""15"": 57, ""16"": 57, ""17"": 57, ""18"": 57, ""19"": 57, ""2"": 57, ""20"": 57, ""21"": 57, ""22"": 57, ""23"": 57, ""24"": 57, ""25"": 57, ""26"": 57, ""27"": 57, ""28"": 57, ""29"": 57, ""3"": 57, ""30"": 57, ""31"": 57, ""32"": 57, ""33"": 57, ""34"": 56, ""35"": 56, ""36"": 56, ""37"": 56, ""38"": 56, ""39"": 56, ""4"": 57, ""40"": 56, ""5"": 57, ""6"": 57, ""7"": 57, ""8"": 57, ""9"": 57}",,,False,False,False,False,,,False,False,False,,completed_smoke
Reddit,t27,reddit_random_trainable_delta_rho010,42,full_node,0.01,0.010001502371600884,232965,153431,41,current_sft_signature_random,trainable_delta,0.1,True,False,False,2330,602,none,,1000,,,hidden_mlp,256,1.0,0.1,0.1,0.01,0.1,0.1,0.0,,,,,,,,,56.0,57.0,57.0,,,,,0.001433,,,,False,False,False,False,False,False,False,False,False,False,not_promoted,local_smoke_not_full_reddit_run,T27 Reddit row is honest smoke/server-ready output; full seed metrics require the listed server command.,2330,0,2330,0,,"{""0"": 57, ""1"": 57, ""10"": 57, ""11"": 57, ""12"": 57, ""13"": 57, ""14"": 57, ""15"": 57, ""16"": 57, ""17"": 57, ""18"": 57, ""19"": 57, ""2"": 57, ""20"": 57, ""21"": 57, ""22"": 57, ""23"": 57, ""24"": 57, ""25"": 57, ""26"": 57, ""27"": 57, ""28"": 57, ""29"": 57, ""3"": 57, ""30"": 57, ""31"": 57, ""32"": 57, ""33"": 57, ""34"": 56, ""35"": 56, ""36"": 56, ""37"": 56, ""38"": 56, ""39"": 56, ""4"": 57, ""40"": 56, ""5"": 57, ""6"": 57, ""7"": 57, ""8"": 57, ""9"": 57}",,,False,False,False,False,,,False,False,False,,completed_smoke
Reddit,t27,reddit_random_gm,42,full_node,0.01,0.010001502371600884,232965,153431,41,current_sft_signature_random,gradient_matching,0.1,True,False,False,2330,602,none,,1000,1,4096,hidden_mlp,256,1.0,0.1,0.1,0.01,0.1,0.1,0.0,,,,,,,,,56.0,57.0,57.0,,,,,0.001439,,,,False,False,False,False,False,False,False,False,False,False,not_promoted,local_smoke_not_full_reddit_run,T27 Reddit row is honest smoke/server-ready output; full seed metrics require the listed server command.,2330,0,2330,0,,"{""0"": 57, ""1"": 57, ""10"": 57, ""11"": 57, ""12"": 57, ""13"": 57, ""14"": 57, ""15"": 57, ""16"": 57, ""17"": 57, ""18"": 57, ""19"": 57, ""2"": 57, ""20"": 57, ""21"": 57, ""22"": 57, ""23"": 57, ""24"": 57, ""25"": 57, ""26"": 57, ""27"": 57, ""28"": 57, ""29"": 57, ""3"": 57, ""30"": 57, ""31"": 57, ""32"": 57, ""33"": 57, ""34"": 56, ""35"": 56, ""36"": 56, ""37"": 56, ""38"": 56, ""39"": 56, ""4"": 57, ""40"": 56, ""5"": 57, ""6"": 57, ""7"": 57, ""8"": 57, ""9"": 57}",,,False,False,False,False,,,False,False,False,,completed_smoke
Reddit,t27,reddit_random_outer,42,full_node,0.01,0.010001502371600884,232965,153431,41,current_sft_signature_random,outer_loop,0.1,True,False,False,2330,602,none,,1000,,,hidden_mlp,256,1.0,0.1,0.1,0.01,0.1,0.1,0.0,,,,,,,,,56.0,57.0,57.0,,,,,0.001446,,,,False,False,False,False,False,False,False,False,False,False,not_promoted,local_smoke_not_full_reddit_run,T27 Reddit row is honest smoke/server-ready output; full seed metrics require the listed server command.,2330,0,2330,0,,"{""0"": 57, ""1"": 57, ""10"": 57, ""11"": 57, ""12"": 57, ""13"": 57, ""14"": 57, ""15"": 57, ""16"": 57, ""17"": 57, ""18"": 57, ""19"": 57, ""2"": 57, ""20"": 57, ""21"": 57, ""22"": 57, ""23"": 57, ""24"": 57, ""25"": 57, ""26"": 57, ""27"": 57, ""28"": 57, ""29"": 57, ""3"": 57, ""30"": 57, ""31"": 57, ""32"": 57, ""33"": 57, ""34"": 56, ""35"": 56, ""36"": 56, ""37"": 56, ""38"": 56, ""39"": 56, ""4"": 57, ""40"": 56, ""5"": 57, ""6"": 57, ""7"": 57, ""8"": 57, ""9"": 57}",,,False,False,False,False,,,False,False,False,,completed_smoke
Reddit,t27,reddit_random_gm_plus_moment,42,full_node,0.01,0.010001502371600884,232965,153431,41,current_sft_signature_random,gradient_matching,0.1,True,False,False,2330,602,none,,1000,1,4096,hidden_mlp,256,1.0,0.1,0.1,0.01,0.1,0.1,0.0,,,,,,,,,56.0,57.0,57.0,,,,,0.001452,,,,False,False,False,False,False,False,False,False,False,False,not_promoted,local_smoke_not_full_reddit_run,T27 Reddit row is honest smoke/server-ready output; full seed metrics require the listed server command.,2330,0,2330,0,,"{""0"": 57, ""1"": 57, ""10"": 57, ""11"": 57, ""12"": 57, ""13"": 57, ""14"": 57, ""15"": 57, ""16"": 57, ""17"": 57, ""18"": 57, ""19"": 57, ""2"": 57, ""20"": 57, ""21"": 57, ""22"": 57, ""23"": 57, ""24"": 57, ""25"": 57, ""26"": 57, ""27"": 57, ""28"": 57, ""29"": 57, ""3"": 57, ""30"": 57, ""31"": 57, ""32"": 57, ""33"": 57, ""34"": 56, ""35"": 56, ""36"": 56, ""37"": 56, ""38"": 56, ""39"": 56, ""4"": 57, ""40"": 56, ""5"": 57, ""6"": 57, ""7"": 57, ""8"": 57, ""9"": 57}",,,False,False,False,False,,,False,False,False,,completed_smoke
Reddit,t27,reddit_kcenter_trainable_delta,42,full_node,0.01,0.010001502371600884,232965,153431,41,current_sft_signature_kcenter,trainable_delta,0.1,True,False,False,2330,602,none,,1000,,,hidden_mlp,256,1.0,0.1,0.1,0.01,0.1,0.1,0.0,,,,,,,,,56.0,57.0,57.0,,,,,0.001458,,,,False,False,False,False,False,False,False,False,False,False,not_promoted,local_smoke_not_full_reddit_run,T27 Reddit row is honest smoke/server-ready output; full seed metrics require the listed server command.,2330,0,2330,0,,"{""0"": 57, ""1"": 57, ""10"": 57, ""11"": 57, ""12"": 57, ""13"": 57, ""14"": 57, ""15"": 57, ""16"": 57, ""17"": 57, ""18"": 57, ""19"": 57, ""2"": 57, ""20"": 57, ""21"": 57, ""22"": 57, ""23"": 57, ""24"": 57, ""25"": 57, ""26"": 57, ""27"": 57, ""28"": 57, ""29"": 57, ""3"": 57, ""30"": 57, ""31"": 57, ""32"": 57, ""33"": 57, ""34"": 56, ""35"": 56, ""36"": 56, ""37"": 56, ""38"": 56, ""39"": 56, ""4"": 57, ""40"": 56, ""5"": 57, ""6"": 57, ""7"": 57, ""8"": 57, ""9"": 57}",,,False,False,False,False,,,False,False,False,,completed_smoke
Reddit,t27,reddit_medoid_trainable_delta,42,full_node,0.01,0.010001502371600884,232965,153431,41,current_sft_signature_medoid,trainable_delta,0.1,True,False,False,2330,602,none,,1000,,,hidden_mlp,256,1.0,0.1,0.1,0.01,0.1,0.1,0.0,,,,,,,,,56.0,57.0,57.0,,,,,0.001464,,,,False,False,False,False,False,False,False,False,False,False,not_promoted,local_smoke_not_full_reddit_run,T27 Reddit row is honest smoke/server-ready output; full seed metrics require the listed server command.,2330,0,2330,0,,"{""0"": 57, ""1"": 57, ""10"": 57, ""11"": 57, ""12"": 57, ""13"": 57, ""14"": 57, ""15"": 57, ""16"": 57, ""17"": 57, ""18"": 57, ""19"": 57, ""2"": 57, ""20"": 57, ""21"": 57, ""22"": 57, ""23"": 57, ""24"": 57, ""25"": 57, ""26"": 57, ""27"": 57, ""28"": 57, ""29"": 57, ""3"": 57, ""30"": 57, ""31"": 57, ""32"": 57, ""33"": 57, ""34"": 56, ""35"": 56, ""36"": 56, ""37"": 56, ""38"": 56, ""39"": 56, ""4"": 57, ""40"": 56, ""5"": 57, ""6"": 57, ""7"": 57, ""8"": 57, ""9"": 57}",,,False,False,False,False,,,False,False,False,,completed_smoke
